county_name,bush_perc,clinton_perc,state,clinton_win
Autauga,55.92,30.92,AL,FALSE
Baldwin,56.52,26.24,AL,FALSE
Barbour,42.9,46.36,AL,TRUE
Bibb,46.49,43.15,AL,FALSE
Blount,53.81,32.92,AL,FALSE
Bullock,26.02,67.67,AL,TRUE
Butler,41.21,47.43,AL,TRUE
Calhoun,48.18,38.44,AL,FALSE
Chambers,43.4,45.36,AL,TRUE
Cherokee,34.85,53.61,AL,TRUE
Chilton,56.17,34.19,AL,FALSE
Choctaw,40.6,52.13,AL,TRUE
Clarke,46.9,42.87,AL,FALSE
Clay,49.68,36.02,AL,FALSE
Cleburne,46.31,40.94,AL,FALSE
Coffee,48.87,37.19,AL,FALSE
Colbert,35.98,54.4,AL,TRUE
Conecuh,39.05,50.02,AL,TRUE
Coosa,41.12,48.56,AL,TRUE
Covington,48.99,35.84,AL,FALSE
Crenshaw,44.22,45.44,AL,TRUE
Cullman,49.62,35.98,AL,FALSE
Dale,51.45,32.29,AL,FALSE
Dallas,37.72,56.38,AL,TRUE
DeKalb,48.73,38.2,AL,FALSE
Elmore,55.7,30.52,AL,FALSE
Escambia,46.44,37.5,AL,FALSE
Etowah,41.15,48.43,AL,TRUE
Fayette,42.55,45.22,AL,TRUE
Franklin,40.43,50.2,AL,TRUE
Geneva,49.08,36.71,AL,FALSE
Greene,16.49,79.18,AL,TRUE
Hale,33.22,57.8,AL,TRUE
Henry,45.7,43.15,AL,FALSE
Houston,58.33,29.76,AL,FALSE
Jackson,30.19,56.19,AL,TRUE
Jefferson,50.13,42.12,AL,FALSE
Lamar,47.29,41.3,AL,FALSE
Lauderdale,40.67,47.21,AL,TRUE
Lawrence,30.86,54.91,AL,TRUE
Lee,47.58,38.8,AL,FALSE
Limestone,45.66,37.45,AL,FALSE
Lowndes,25.8,67.99,AL,TRUE
Macon,12.94,82.78,AL,TRUE
Madison,47.71,36.14,AL,FALSE
Marengo,39.75,50.09,AL,TRUE
Marion,42.89,46.47,AL,TRUE
Marshall,45.85,39.01,AL,FALSE
Mobile,50.72,38.22,AL,FALSE
Monroe,50.48,39.73,AL,FALSE
Montgomery,47.29,43.34,AL,FALSE
Morgan,47.92,34.31,AL,FALSE
Perry,31.46,63.86,AL,TRUE
Pickens,44.63,46.46,AL,TRUE
Pike,48.45,41.88,AL,FALSE
Randolph,46.77,40.7,AL,FALSE
Russell,35.61,55.12,AL,TRUE
St. Clair,57.56,30.14,AL,FALSE
Shelby,67.97,21.42,AL,FALSE
Sumter,25.72,68.47,AL,TRUE
Talladega,48.21,40.72,AL,FALSE
Tallapoosa,52.67,36.9,AL,FALSE
Tuscaloosa,47.27,40.46,AL,FALSE
Walker,38.26,50.22,AL,TRUE
Washington,40.06,49.57,AL,TRUE
Wilcox,31.5,64.84,AL,TRUE
Winston,55.01,33.85,AL,FALSE
Apache,25.13,61.44,AZ,TRUE
Cochise,36.81,38.31,AZ,TRUE
Coconino,32.31,44.32,AZ,TRUE
Gila,31.29,40.97,AZ,TRUE
Graham,42.98,34.96,AZ,FALSE
Greenlee,36.34,42.45,AZ,TRUE
La Paz,32.23,36.44,AZ,TRUE
Maricopa,41.06,32.56,AZ,FALSE
Mohave,33.69,32.63,AZ,FALSE
Navajo,32.45,44.17,AZ,TRUE
Pima,34.47,45.68,AZ,TRUE
Pinal,31.76,42.1,AZ,TRUE
Santa Cruz,37.43,43.47,AZ,TRUE
Yavapai,39.42,30.75,AZ,FALSE
Yuma,41.55,36.97,AZ,FALSE
Alachua,39.87,49.61,FL,TRUE
Baker,50.59,29.25,FL,FALSE
Bay,49.99,28.12,FL,FALSE
Bradford,44.02,36.46,FL,FALSE
Brevard,43.19,31.19,FL,FALSE
Broward,30.92,51.85,FL,TRUE
Calhoun,37.58,36.36,FL,FALSE
Charlotte,39.17,36.91,FL,FALSE
Citrus,36.68,35.62,FL,FALSE
Clay,57.95,23.33,FL,FALSE
Collier,53.44,26.13,FL,FALSE
Columbia,43.41,36.97,FL,FALSE
DeSoto,41.32,35.62,FL,FALSE
Dixie,32.04,42.42,FL,TRUE
Duval,49.47,36.85,FL,FALSE
Escambia,50.24,30.45,FL,FALSE
Flagler,38.19,40.92,FL,TRUE
Franklin,37.99,35.05,FL,FALSE
Gadsden,27.62,58.96,FL,TRUE
Gilchrist,34.73,37.62,FL,TRUE
Glades,35.12,38.68,FL,TRUE
Gulf,45.29,33.11,FL,FALSE
Hamilton,37.64,43.54,FL,TRUE
Hardee,45.08,31.37,FL,FALSE
Hendry,40.91,33.57,FL,FALSE
Hernando,36.47,39.06,FL,TRUE
Highlands,44.76,34.69,FL,FALSE
Hillsborough,42.07,37.13,FL,FALSE
Holmes,48.96,28.75,FL,FALSE
Indian River,43.54,28.12,FL,FALSE
Jackson,45.82,37.35,FL,FALSE
Jefferson,32.19,48.55,FL,TRUE
Lafayette,41.15,34.34,FL,FALSE
Lake,44.17,33.24,FL,FALSE
Lee,44.24,32.32,FL,FALSE
Leon,32.87,49.12,FL,TRUE
Levy,34.71,39.59,FL,TRUE
Liberty,43.71,31.83,FL,FALSE
Madison,34.38,45.36,FL,TRUE
Manatee,42.63,33.77,FL,FALSE
Marion,40.74,35.44,FL,FALSE
Martin,46.63,27.83,FL,FALSE
Miami-Dade,43.19,46.73,FL,TRUE
Monroe,34.38,36.3,FL,TRUE
Nassau,51.54,30.28,FL,FALSE
Okaloosa,53.13,19.49,FL,FALSE
Okeechobee,35.2,36.48,FL,TRUE
Orange,45.9,34.89,FL,FALSE
Osceola,42.29,33.16,FL,FALSE
Palm Beach,34.63,46.36,FL,TRUE
Pasco,35.11,39.08,FL,TRUE
Pinellas,37.63,37.96,FL,TRUE
Polk,45.21,35.26,FL,FALSE
Putnam,34.72,41.73,FL,TRUE
St. Johns,50.49,30.74,FL,FALSE
St. Lucie,35.76,34.99,FL,FALSE
Santa Rosa,52.9,20,FL,FALSE
Sarasota,42.76,34.89,FL,FALSE
Seminole,48.57,30.33,FL,FALSE
Sumter,35.41,40.77,FL,TRUE
Suwannee,40.23,35.06,FL,FALSE
Taylor,37.34,35.6,FL,FALSE
Union,43.29,34.95,FL,FALSE
Volusia,38.05,41.94,FL,TRUE
Wakulla,38.52,34.55,FL,FALSE
Walton,42.25,28.69,FL,FALSE
Washington,46.94,32.32,FL,FALSE
Ada,44.48,28.99,ID,FALSE
Adams,38.93,23.59,ID,FALSE
Bannock,37.3,34.43,ID,FALSE
Bear Lake,49.72,19.69,ID,FALSE
Benewah,33.03,34.3,ID,TRUE
Bingham,45.86,22.29,ID,FALSE
Blaine,27.96,35.71,ID,TRUE
Boise,39.31,26.85,ID,FALSE
Bonner,28.49,36.14,ID,TRUE
Bonneville,46.8,19.83,ID,FALSE
Boundary,39.19,29.01,ID,FALSE
Butte,40.05,28.81,ID,FALSE
Camas,41.56,27.57,ID,FALSE
Canyon,50.78,24.03,ID,FALSE
Caribou,41.72,17.37,ID,FALSE
Cassia,53.16,17.73,ID,FALSE
Clark,46.1,22.46,ID,FALSE
Clearwater,30.87,38.4,ID,TRUE
Custer,38.31,26.06,ID,FALSE
Elmore,44.8,26.97,ID,FALSE
Franklin,52.22,12.94,ID,FALSE
Fremont,47.09,18.23,ID,FALSE
Gem,42.9,28.11,ID,FALSE
Gooding,39.14,27.5,ID,FALSE
Idaho,40.23,29.31,ID,FALSE
Jefferson,48.78,13.74,ID,FALSE
Jerome,44.23,25.88,ID,FALSE
Kootenai,35.96,31.8,ID,FALSE
Latah,32.78,44.29,ID,TRUE
Lemhi,40.3,26.07,ID,FALSE
Lewis,33.35,37.91,ID,TRUE
Lincoln,38.61,30.25,ID,FALSE
Madison,59.14,9.55,ID,FALSE
Minidoka,44.55,24.47,ID,FALSE
Nez Perce,32,41.65,ID,TRUE
Oneida,38.21,18.81,ID,FALSE
Owyhee,47.82,22.33,ID,FALSE
Payette,42.92,24.55,ID,FALSE
Power,45.41,28.12,ID,FALSE
Shoshone,22.01,48.59,ID,TRUE
Teton,39.73,24.61,ID,FALSE
Twin Falls,43.97,28.05,ID,FALSE
Valley,37.27,30.32,ID,FALSE
Washington,42.09,26.21,ID,FALSE
Adams,47.83,29.18,IN,FALSE
Allen,45.24,32.6,IN,FALSE
Bartholomew,47.91,30.19,IN,FALSE
Benton,46.96,28.24,IN,FALSE
Blackford,40.62,36.14,IN,FALSE
Boone,54.64,22.94,IN,FALSE
Brown,41.63,32.08,IN,FALSE
Carroll,44.38,29.91,IN,FALSE
Cass,45.7,29.3,IN,FALSE
Clark,36.34,47.58,IN,TRUE
Clay,46.2,32.53,IN,FALSE
Clinton,50.24,28.55,IN,FALSE
Crawford,38.11,45.25,IN,TRUE
Daviess,53.15,30.43,IN,FALSE
Dearborn,44.8,32.86,IN,FALSE
Decatur,50.48,26.96,IN,FALSE
DeKalb,44.48,30.97,IN,FALSE
Delaware,40.36,38.56,IN,FALSE
Dubois,42.44,36.76,IN,FALSE
Elkhart,53.5,28.09,IN,FALSE
Fayette,40.86,37.06,IN,FALSE
Floyd,40.24,44.4,IN,TRUE
Fountain,40.32,33.64,IN,FALSE
Franklin,46.91,30.07,IN,FALSE
Fulton,46.7,29.93,IN,FALSE
Gibson,34.95,46.68,IN,TRUE
Grant,48.04,32.05,IN,FALSE
Greene,39.76,39.91,IN,TRUE
Hamilton,62.46,18.43,IN,FALSE
Hancock,53.65,23.02,IN,FALSE
Harrison,39.52,42.19,IN,TRUE
Hendricks,55.45,21.34,IN,FALSE
Henry,43.62,33.99,IN,FALSE
Howard,44.57,29.96,IN,FALSE
Huntington,56.79,24.07,IN,FALSE
Jackson,44.81,35.02,IN,FALSE
Jasper,48.62,30.67,IN,FALSE
Jay,40.84,36.31,IN,FALSE
Jefferson,37.43,41.77,IN,TRUE
Jennings,42.66,33.72,IN,FALSE
Johnson,54.36,23.27,IN,FALSE
Knox,38.67,38.87,IN,TRUE
Kosciusko,57.44,21.5,IN,FALSE
LaGrange,48.15,28.12,IN,FALSE
Lake,28.91,55.17,IN,TRUE
LaPorte,35.24,41.72,IN,TRUE
Lawrence,45.96,33.11,IN,FALSE
Madison,39.76,37.72,IN,FALSE
Marion,43.66,37.75,IN,FALSE
Marshall,48.58,29.65,IN,FALSE
Martin,46.4,37.11,IN,FALSE
Miami,46.1,28.5,IN,FALSE
Monroe,38.22,45.22,IN,TRUE
Montgomery,52.2,23.15,IN,FALSE
Morgan,51.83,22.22,IN,FALSE
Newton,42.95,32.88,IN,FALSE
Noble,42.9,32.17,IN,FALSE
Ohio,40.14,38.58,IN,FALSE
Orange,46.64,36.78,IN,FALSE
Owen,42,33.67,IN,FALSE
Parke,41.6,34.22,IN,FALSE
Perry,31.69,51.47,IN,TRUE
Pike,33.84,46.46,IN,TRUE
Porter,39.68,36.84,IN,FALSE
Posey,38.72,40.44,IN,TRUE
Pulaski,45.84,32.96,IN,FALSE
Putnam,44.33,28.94,IN,FALSE
Randolph,41.9,32.84,IN,FALSE
Ripley,46.02,31.82,IN,FALSE
Rush,48.36,27.07,IN,FALSE
Saint Joseph,37.27,44.23,IN,TRUE
Scott,33.71,51.98,IN,TRUE
Shelby,49.81,28.13,IN,FALSE
Spencer,39.56,44.9,IN,TRUE
Starke,35.4,42.19,IN,TRUE
Steuben,42.44,31.65,IN,FALSE
Sullivan,33.29,45.93,IN,TRUE
Switzerland,35.74,45.31,IN,TRUE
Tippecanoe,45.79,34.46,IN,FALSE
Tipton,49.55,26.96,IN,FALSE
Union,46.97,30.26,IN,FALSE
Vanderburgh,39.39,43.99,IN,TRUE
Vermillion,30.13,46.63,IN,TRUE
Vigo,37.56,42.81,IN,TRUE
Wabash,46.77,29.92,IN,FALSE
Warren,40,34.15,IN,FALSE
Warrick,39.23,41.78,IN,TRUE
Washington,40.2,40.69,IN,TRUE
Wayne,44.69,36.42,IN,FALSE
Wells,48.17,27.26,IN,FALSE
White,45.22,29.23,IN,FALSE
Whitley,43.27,29.6,IN,FALSE
Allen,36.56,35.96,KS,FALSE
Anderson,33.03,31.95,KS,FALSE
Atchison,33.48,39.3,KS,TRUE
Barber,42.52,26.35,KS,FALSE
Barton,37.65,28.32,KS,FALSE
Bourbon,40.17,35.05,KS,FALSE
Brown,41.61,27.88,KS,FALSE
Butler,38.79,29.75,KS,FALSE
Chase,36.2,27.89,KS,FALSE
Chautauqua,41.15,28.85,KS,FALSE
Cherokee,36.78,41.85,KS,TRUE
Cheyenne,49.17,23.19,KS,FALSE
Clark,51.49,22.32,KS,FALSE
Clay,47.89,20.63,KS,FALSE
Cloud,39.12,31.57,KS,FALSE
Coffey,42.44,23.76,KS,FALSE
Comanche,49.49,25.29,KS,FALSE
Cowley,34.35,34.24,KS,FALSE
Crawford,32.96,44.4,KS,TRUE
Decatur,45,27.57,KS,FALSE
Dickinson,41.76,27.31,KS,FALSE
Doniphan,39.74,29.62,KS,FALSE
Douglas,30.64,45.99,KS,TRUE
Edwards,39.95,29.45,KS,FALSE
Elk,42.94,27.84,KS,FALSE
Ellis,32,36.49,KS,TRUE
Ellsworth,36.96,31.18,KS,FALSE
Finney,48.28,23.89,KS,FALSE
Ford,41.93,25.44,KS,FALSE
Franklin,37.43,30.03,KS,FALSE
Geary,38.75,33.87,KS,FALSE
Gove,46.42,22.22,KS,FALSE
Graham,39.33,28.97,KS,FALSE
Grant,51.71,20.5,KS,FALSE
Gray,47.81,20.39,KS,FALSE
Greeley,57.73,21.88,KS,FALSE
Greenwood,36.62,32.75,KS,FALSE
Hamilton,51.96,28.01,KS,FALSE
Harper,40.59,25.01,KS,FALSE
Harvey,41.71,33.63,KS,FALSE
Haskell,56.02,18.4,KS,FALSE
Hodgeman,50.85,20.99,KS,FALSE
Jackson,35.48,29.52,KS,FALSE
Jefferson,33.02,32.62,KS,FALSE
Jewell,45.65,23.74,KS,FALSE
Johnson,43.83,30.57,KS,FALSE
Kearny,55.18,22.47,KS,FALSE
Kingman,40.36,26.42,KS,FALSE
Kiowa,55.9,18.77,KS,FALSE
Labette,33.09,41.23,KS,TRUE
Lane,51.89,20.4,KS,FALSE
Leavenworth,33.39,34.86,KS,TRUE
Lincoln,41.11,28.18,KS,FALSE
Linn,34.2,32.75,KS,FALSE
Logan,52.95,20.77,KS,FALSE
Lyon,34.73,32.83,KS,FALSE
McPherson,44.22,28.06,KS,FALSE
Marion,49.47,25.62,KS,FALSE
Marshall,34.65,34.52,KS,FALSE
Meade,52.45,19.87,KS,FALSE
Miami,31.8,34.56,KS,TRUE
Mitchell,43.86,25.7,KS,FALSE
Montgomery,43.04,34.27,KS,FALSE
Morris,34.43,30.76,KS,FALSE
Morton,54.79,23.83,KS,FALSE
Nemaha,39.51,28.12,KS,FALSE
Neosho,37.07,35.46,KS,FALSE
Ness,43.6,25.47,KS,FALSE
Norton,47.88,25.39,KS,FALSE
Osage,34.51,30.95,KS,FALSE
Osborne,38.47,29.88,KS,FALSE
Ottawa,45.53,27.09,KS,FALSE
Pawnee,37.85,31.19,KS,FALSE
Phillips,46.61,24.88,KS,FALSE
Pottawatomie,38.87,26.27,KS,FALSE
Pratt,37.17,30.63,KS,FALSE
Rawlins,52.87,20.31,KS,FALSE
Reno,40.1,32.63,KS,FALSE
Republic,46.43,24.67,KS,FALSE
Rice,40.94,29.5,KS,FALSE
Riley,38.51,36.39,KS,FALSE
Rooks,40.42,24.95,KS,FALSE
Rush,35.74,32.58,KS,FALSE
Russell,35.72,29.34,KS,FALSE
Saline,36.26,33.4,KS,FALSE
Scott,56.27,18.94,KS,FALSE
Sedgwick,40.53,33.61,KS,FALSE
Seward,51.09,21.86,KS,FALSE
Shawnee,35.66,38.86,KS,TRUE
Sheridan,45.17,21.21,KS,FALSE
Sherman,49.73,24.71,KS,FALSE
Smith,43.34,27.66,KS,FALSE
Stafford,38.55,28.15,KS,FALSE
Stanton,55.71,22.44,KS,FALSE
Stevens,56.84,15.74,KS,FALSE
Sumner,35.27,30.76,KS,FALSE
Thomas,47.14,23.76,KS,FALSE
Trego,38.02,31.8,KS,FALSE
Wabaunsee,37.17,25.22,KS,FALSE
Wallace,63.7,15.38,KS,FALSE
Washington,47,24.12,KS,FALSE
Wichita,55.37,19.59,KS,FALSE
Wilson,41.53,28.72,KS,FALSE
Woodson,35.48,31.62,KS,FALSE
Wyandotte,21.06,56.27,KS,TRUE
Adams,36.73,51.99,MS,TRUE
Alcorn,44.21,45.08,MS,TRUE
Amite,45.08,45.91,MS,TRUE
Attala,49.67,42.54,MS,FALSE
Benton,31.68,60.73,MS,TRUE
Bolivar,33.4,61.87,MS,TRUE
Calhoun,50.87,39.25,MS,FALSE
Carroll,54.96,38.33,MS,FALSE
Chickasaw,44.96,45.95,MS,TRUE
Choctaw,53.77,38.08,MS,FALSE
Claiborne,21.19,74.84,MS,TRUE
Clarke,60.67,32.58,MS,FALSE
Clay,38.5,53.95,MS,TRUE
Coahoma,36.85,57.33,MS,TRUE
Copiah,48.68,46.53,MS,FALSE
Covington,50.39,39.67,MS,FALSE
DeSoto,58.4,32.03,MS,FALSE
Forrest,54.64,36.62,MS,FALSE
Franklin,49.31,40.3,MS,FALSE
George,43.55,27.87,MS,FALSE
Greene,51.9,35.89,MS,FALSE
Grenada,49.34,43.93,MS,FALSE
Hancock,47.78,34.61,MS,FALSE
Harrison,52.84,32.21,MS,FALSE
Hinds,46.9,45.23,MS,FALSE
Holmes,28.17,68.04,MS,TRUE
Humphreys,36.75,57.57,MS,TRUE
Issaquena,30.1,55.56,MS,TRUE
Itawamba,47.54,41.72,MS,FALSE
Jackson,56.36,28.97,MS,FALSE
Jasper,43.39,47.59,MS,TRUE
Jefferson,15.96,79.39,MS,TRUE
Jefferson Davis,39.55,53.1,MS,TRUE
Jones,56.59,32.89,MS,FALSE
Kemper,41.96,51.43,MS,TRUE
Lafayette,46.07,45.84,MS,FALSE
Lamar,63.37,24.62,MS,FALSE
Lauderdale,62.25,30.91,MS,FALSE
Lawrence,44.12,42.36,MS,FALSE
Leake,50.64,42.81,MS,FALSE
Lee,54.36,34.27,MS,FALSE
Leflore,42.39,51,MS,TRUE
Lincoln,53.78,36.24,MS,FALSE
Lowndes,55.8,34.79,MS,FALSE
Madison,54,39.57,MS,FALSE
Marion,49.74,40.08,MS,FALSE
Marshall,30.75,63.24,MS,TRUE
Monroe,49.03,40.36,MS,FALSE
Montgomery,48.66,43.47,MS,FALSE
Neshoba,61.09,30.77,MS,FALSE
Newton,65.69,27.49,MS,FALSE
Noxubee,32.22,63.29,MS,TRUE
Oktibbeha,48.5,43.52,MS,FALSE
Panola,40.52,52.93,MS,TRUE
Pearl River,52.21,31.65,MS,FALSE
Perry,56.39,33.1,MS,FALSE
Pike,43.9,45.9,MS,TRUE
Pontotoc,54.92,35.44,MS,FALSE
Prentiss,50.63,39.7,MS,FALSE
Quitman,35.45,59.17,MS,TRUE
Rankin,67.76,22.52,MS,FALSE
Scott,56.47,35.9,MS,FALSE
Sharkey,36.63,55.45,MS,TRUE
Simpson,57.45,34.45,MS,FALSE
Smith,60.49,28.99,MS,FALSE
Stone,54.53,34.38,MS,FALSE
Sunflower,39.68,53.77,MS,TRUE
Tallahatchie,40.11,52.59,MS,TRUE
Tate,50.13,42.04,MS,FALSE
Tippah,50.85,39.76,MS,FALSE
Tishomingo,42.03,48.44,MS,TRUE
Tunica,30.9,64.69,MS,TRUE
Union,53.1,38.12,MS,FALSE
Walthall,45.72,41.49,MS,FALSE
Warren,49.61,39.73,MS,FALSE
Washington,38.59,53.78,MS,TRUE
Wayne,49.78,39.37,MS,FALSE
Webster,55.95,35,MS,FALSE
Wilkinson,28.29,64.91,MS,TRUE
Winston,48.07,44.08,MS,FALSE
Yalobusha,41.52,49.87,MS,TRUE
Yazoo,47.58,45.42,MS,FALSE
Adams,48.36,26.29,NE,FALSE
Antelope,52.41,17.21,NE,FALSE
Arthur,56.06,6.82,NE,FALSE
Banner,59.17,14.17,NE,FALSE
Blaine,56.51,14.13,NE,FALSE
Boone,50.21,19.08,NE,FALSE
Box Butte,38.74,34.15,NE,FALSE
Boyd,47.36,22.47,NE,FALSE
Brown,54.12,16.85,NE,FALSE
Buffalo,55.11,21.23,NE,FALSE
Burt,42.61,31.29,NE,FALSE
Butler,45.35,26.22,NE,FALSE
Cass,43.23,29.55,NE,FALSE
Cedar,43.85,22.29,NE,FALSE
Chase,48.01,19.11,NE,FALSE
Cherry,56.75,18.72,NE,FALSE
Cheyenne,51.8,22.8,NE,FALSE
Clay,50.84,22.35,NE,FALSE
Colfax,46.21,24.4,NE,FALSE
Cuming,57.1,17.6,NE,FALSE
Custer,54.64,19.35,NE,FALSE
Dakota,43.21,36.12,NE,FALSE
Dawes,48.21,24.26,NE,FALSE
Dawson,53.64,19.81,NE,FALSE
Deuel,49.82,20.71,NE,FALSE
Dixon,48.59,27.18,NE,FALSE
Dodge,44.3,28.44,NE,FALSE
Douglas,46.73,33.53,NE,FALSE
Dundy,52.99,19.55,NE,FALSE
Fillmore,42.93,28.32,NE,FALSE
Franklin,48.87,24.05,NE,FALSE
Frontier,49.97,19.22,NE,FALSE
Furnas,48.73,22.28,NE,FALSE
Gage,39.65,32.81,NE,FALSE
Garden,53.49,16.27,NE,FALSE
Garfield,54.74,20.33,NE,FALSE
Gosper,46.95,24.24,NE,FALSE
Grant,55.01,16.7,NE,FALSE
Greeley,41.44,30.66,NE,FALSE
Hall,44.67,26.58,NE,FALSE
Hamilton,51.72,21.53,NE,FALSE
Harlan,46.88,23.06,NE,FALSE
Hayes,55.35,13,NE,FALSE
Hitchcock,47.6,20.74,NE,FALSE
Holt,54.9,14.64,NE,FALSE
Hooker,62.2,15.38,NE,FALSE
Howard,40.07,26.34,NE,FALSE
Jefferson,39.7,33.53,NE,FALSE
Johnson,37.5,34.83,NE,FALSE
Kearney,53.72,19.73,NE,FALSE
Keith,51.65,18.64,NE,FALSE
Keya Paha,58.32,16.64,NE,FALSE
Kimball,52.04,22.81,NE,FALSE
Knox,49.55,22.7,NE,FALSE
Lancaster,39.46,39.28,NE,FALSE
Lincoln,45.04,32.94,NE,FALSE
Logan,60.09,17.74,NE,FALSE
Loup,59.69,15.05,NE,FALSE
Madison,56,18.73,NE,FALSE
McPherson,65.96,14.89,NE,FALSE
Merrick,48.65,22.67,NE,FALSE
Morrill,46.89,22.83,NE,FALSE
Nance,42.83,28.13,NE,FALSE
Nemaha,44.01,28.8,NE,FALSE
Nuckolls,43.16,28.19,NE,FALSE
Otoe,43.29,29.8,NE,FALSE
Pawnee,37.06,31.31,NE,FALSE
Perkins,50.54,18.01,NE,FALSE
Phelps,56.13,16.93,NE,FALSE
Pierce,52.02,17.15,NE,FALSE
Platte,55.76,17.45,NE,FALSE
Polk,49.25,22.65,NE,FALSE
Red Willow,46.8,21.83,NE,FALSE
Richardson,41.47,30.61,NE,FALSE
Rock,59.57,16.41,NE,FALSE
Saline,30.18,42.06,NE,TRUE
Sarpy,50.44,26.41,NE,FALSE
Saunders,44.11,27.41,NE,FALSE
Scotts Bluff,48.24,27.92,NE,FALSE
Seward,44.12,30.58,NE,FALSE
Sheridan,56.68,17.86,NE,FALSE
Sherman,38.74,29.89,NE,FALSE
Sioux,55.49,18.45,NE,FALSE
Stanton,49.71,19.35,NE,FALSE
Thayer,40.79,27.1,NE,FALSE
Thomas,60.34,14.93,NE,FALSE
Thurston,39.79,38.33,NE,FALSE
Valley,45.29,27.64,NE,FALSE
Washington,48.47,25.37,NE,FALSE
Wayne,51.73,22.45,NE,FALSE
Webster,42.98,27.61,NE,FALSE
Wheeler,53.02,18.97,NE,FALSE
York,53.94,19.75,NE,FALSE
Adams,39.79,28.84,ND,FALSE
Barnes,42.3,32.94,ND,FALSE
Benson,33.3,42.9,ND,TRUE
Billings,41.15,18.14,ND,FALSE
Bottineau,43.54,30.85,ND,FALSE
Bowman,37.34,26.53,ND,FALSE
Burke,37.38,27.68,ND,FALSE
Burleigh,50.9,27.61,ND,FALSE
Cass,47.65,34.03,ND,FALSE
Cavalier,48.85,27.7,ND,FALSE
Dickey,49.48,30,ND,FALSE
Divide,31.79,39.14,ND,TRUE
Dunn,37.24,31.69,ND,FALSE
Eddy,36.59,35.6,ND,FALSE
Emmons,43.09,24.49,ND,FALSE
Foster,41.39,29.12,ND,FALSE
Golden Valley,45.15,22.89,ND,FALSE
Grand Forks,44.06,35.14,ND,FALSE
Grant,45.94,21.18,ND,FALSE
Griggs,44.02,36.85,ND,FALSE
Hettinger,46.46,25.3,ND,FALSE
Kidder,43.19,27.35,ND,FALSE
LaMoure,45.96,28.85,ND,FALSE
Logan,47.31,25.77,ND,FALSE
McHenry,38.9,34.54,ND,FALSE
McIntosh,55.21,21.91,ND,FALSE
McKenzie,42.85,25.47,ND,FALSE
McLean,40.05,34.09,ND,FALSE
Mercer,45.33,26.37,ND,FALSE
Morton,43.76,31.19,ND,FALSE
Mountrail,30.92,42.35,ND,TRUE
Nelson,39.17,38.12,ND,FALSE
Oliver,40.96,24.92,ND,FALSE
Pembina,46.45,28.74,ND,FALSE
Pierce,45.21,31.3,ND,FALSE
Ramsey,41.56,33.17,ND,FALSE
Ransom,37.96,40.17,ND,TRUE
Renville,39.22,34.73,ND,FALSE
Richland,46.66,32.38,ND,FALSE
Rolette,24.82,55.52,ND,TRUE
Sargent,36.2,42.64,ND,TRUE
Sheridan,50.13,23.49,ND,FALSE
Sioux,26.83,47.05,ND,TRUE
Slope,42.24,27.1,ND,FALSE
Stark,42.06,28.12,ND,FALSE
Steele,36.72,43.65,ND,TRUE
Stutsman,40.39,33.13,ND,FALSE
Towner,34.15,42.57,ND,TRUE
Traill,44.34,35.98,ND,FALSE
Walsh,43.09,32.79,ND,FALSE
Ward,46.63,30.39,ND,FALSE
Wells,40.16,30.45,ND,FALSE
Williams,36.95,30.33,ND,FALSE
Adair,45.48,40.18,OK,FALSE
Alfalfa,51.46,24.33,OK,FALSE
Atoka,30.21,45.21,OK,TRUE
Beaver,59.61,20.35,OK,FALSE
Beckham,37.25,37.69,OK,TRUE
Blaine,43.73,30.96,OK,FALSE
Bryan,25.63,46.47,OK,TRUE
Caddo,31.89,42.31,OK,TRUE
Canadian,50.7,21.83,OK,FALSE
Carter,32.38,39.04,OK,TRUE
Cherokee,32.94,44.96,OK,TRUE
Choctaw,25.73,53.52,OK,TRUE
Cimarron,59.42,24.32,OK,FALSE
Cleveland,44.1,30.27,OK,FALSE
Coal,25.5,51.71,OK,TRUE
Comanche,44.21,34.45,OK,FALSE
Cotton,29.44,42.51,OK,TRUE
Craig,33.86,44.7,OK,TRUE
Creek,39.84,36.13,OK,FALSE
Custer,45.85,30.27,OK,FALSE
Delaware,38.95,38.97,OK,TRUE
Dewey,44.72,30.37,OK,FALSE
Ellis,46.47,25.75,OK,FALSE
Garfield,51.38,26.37,OK,FALSE
Garvin,33.57,40.55,OK,TRUE
Grady,39.4,34.79,OK,FALSE
Grant,42.9,28.27,OK,FALSE
Greer,34.69,41.81,OK,TRUE
Harmon,30.79,48.6,OK,TRUE
Harper,51.01,23.88,OK,FALSE
Haskell,26.34,55.34,OK,TRUE
Hughes,27.4,51.31,OK,TRUE
Jackson,41.33,34.75,OK,FALSE
Jefferson,22.23,52.34,OK,TRUE
Johnston,27.45,48.31,OK,TRUE
Kay,39.93,29.1,OK,FALSE
Kingfisher,54.27,21.51,OK,FALSE
Kiowa,33.3,43.65,OK,TRUE
Latimer,24.81,53.35,OK,TRUE
Le Flore,34.9,46.79,OK,TRUE
Lincoln,42.78,31.43,OK,FALSE
Logan,43.97,32.25,OK,FALSE
Love,25.06,46.43,OK,TRUE
McClain,40.62,31.35,OK,FALSE
McCurtain,30.62,44.21,OK,TRUE
McIntosh,28.19,53.01,OK,TRUE
Major,57.36,19.47,OK,FALSE
Marshall,26.88,45.82,OK,TRUE
Mayes,35.89,42.4,OK,TRUE
Murray,27.49,46.42,OK,TRUE
Muskogee,31.44,48.76,OK,TRUE
Noble,46.83,25.23,OK,FALSE
Nowata,33.84,42.26,OK,TRUE
Okfuskee,34.13,46.24,OK,TRUE
Oklahoma,48.78,29.34,OK,FALSE
Okmulgee,29.74,50.37,OK,TRUE
Osage,34.01,39.8,OK,TRUE
Ottawa,31.35,47.73,OK,TRUE
Pawnee,38.36,37.46,OK,FALSE
Payne,42.2,32.01,OK,FALSE
Pittsburg,30.06,45.27,OK,TRUE
Pontotoc,33.54,40.91,OK,TRUE
Pottawatomie,40.47,33.69,OK,FALSE
Pushmataha,26.93,52.13,OK,TRUE
Roger Mills,40.96,35.3,OK,FALSE
Rogers,44.65,29.6,OK,FALSE
Seminole,31.77,45.16,OK,TRUE
Sequoyah,36.33,44.94,OK,TRUE
Stephens,34.61,37.34,OK,TRUE
Texas,58.15,21.3,OK,FALSE
Tillman,32.96,41.86,OK,TRUE
Tulsa,49.13,29.77,OK,FALSE
Wagoner,42.05,32.7,OK,FALSE
Washington,47.93,27.86,OK,FALSE
Washita,35.81,36.13,OK,TRUE
Woods,46.58,28.49,OK,FALSE
Woodward,46.99,24.2,OK,FALSE
Abbeville,39.76,47.56,SC,TRUE
Aiken,55.01,31.64,SC,FALSE
Allendale,30.36,62.49,SC,TRUE
Anderson,51.68,33.5,SC,FALSE
Bamberg,33.28,59.82,SC,TRUE
Barnwell,49.24,40.9,SC,FALSE
Beaufort,47.1,36.65,SC,FALSE
Berkeley,50.87,35.33,SC,FALSE
Calhoun,41.85,47.94,SC,TRUE
Charleston,48,40.6,SC,FALSE
Cherokee,47.31,37.46,SC,FALSE
Chester,33.54,53.05,SC,TRUE
Chesterfield,37.31,50.76,SC,TRUE
Clarendon,37.89,55.12,SC,TRUE
Colleton,40.17,48.21,SC,TRUE
Darlington,44,44.88,SC,TRUE
Dillon,38.07,52.75,SC,TRUE
Dorchester,53.53,32.68,SC,FALSE
Edgefield,45.15,46.42,SC,TRUE
Fairfield,31.12,60.15,SC,TRUE
Florence,50.77,39.92,SC,FALSE
Georgetown,42.22,46.05,SC,TRUE
Greenville,57.12,30.42,SC,FALSE
Greenwood,47.98,40.27,SC,FALSE
Hampton,32.63,58.85,SC,TRUE
Horry,45.87,36.9,SC,FALSE
Jasper,29.93,59.92,SC,TRUE
Kershaw,49.12,38.06,SC,FALSE
Lancaster,41.58,44.53,SC,TRUE
Laurens,48.53,38.59,SC,FALSE
Lee,34.9,56.94,SC,TRUE
Lexington,60.5,26.53,SC,FALSE
McCormick,29.46,60.48,SC,TRUE
Marion,35.15,56.31,SC,TRUE
Marlboro,29.47,59.64,SC,TRUE
Newberry,48.5,39.71,SC,FALSE
Oconee,50.68,32.31,SC,FALSE
Orangeburg,35.14,57.21,SC,TRUE
Pickens,57.67,28.06,SC,FALSE
Richland,41.17,50.49,SC,TRUE
Saluda,47.8,38.54,SC,FALSE
Spartanburg,51.91,35.09,SC,FALSE
Sumter,47.29,44.56,SC,FALSE
Union,43.51,43.48,SC,FALSE
Williamsburg,37.05,56.57,SC,TRUE
York,48.74,36.26,SC,FALSE
Anderson,38.7,36.79,TX,FALSE
Andrews,53.6,25.57,TX,FALSE
Angelina,36.99,39.26,TX,TRUE
Aransas,41.74,33.18,TX,FALSE
Archer,39.32,32.37,TX,FALSE
Armstrong,54.57,27.04,TX,FALSE
Atascosa,39.41,38.99,TX,FALSE
Austin,50.89,28.87,TX,FALSE
Bailey,55.31,28.63,TX,FALSE
Bandera,50.24,19.9,TX,FALSE
Bastrop,34.41,43.19,TX,TRUE
Baylor,28.66,46.44,TX,TRUE
Bee,39.89,44.83,TX,TRUE
Bell,45.27,33.92,TX,FALSE
Bexar,40.65,41.54,TX,TRUE
Blanco,44.07,28.66,TX,FALSE
Borden,48.68,28.04,TX,FALSE
Bosque,35.44,33.49,TX,FALSE
Bowie,38.78,38.94,TX,TRUE
Brazoria,42.51,30.59,TX,FALSE
Brazos,48.53,30.03,TX,FALSE
Brewster,34.71,42.59,TX,TRUE
Briscoe,37.62,44.93,TX,TRUE
Brooks,15.54,75.86,TX,TRUE
Brown,42.07,33.76,TX,FALSE
Burleson,35.25,43.97,TX,TRUE
Burnet,39.53,33.66,TX,FALSE
Caldwell,32.95,45.47,TX,TRUE
Calhoun,38.94,37.62,TX,FALSE
Callahan,40.38,32.05,TX,FALSE
Cameron,34.07,49.84,TX,TRUE
Camp,30.63,48.69,TX,TRUE
Carson,53.88,26.99,TX,FALSE
Cass,34.3,46.96,TX,TRUE
Castro,44.91,38.25,TX,FALSE
Chambers,40.62,33.85,TX,FALSE
Cherokee,41.36,35.39,TX,FALSE
Childress,44.18,37.68,TX,FALSE
Clay,32.3,39.08,TX,TRUE
Cochran,51.33,31.07,TX,FALSE
Coke,39.65,35.94,TX,FALSE
Coleman,35.33,38.16,TX,TRUE
Collin,46.97,19.02,TX,FALSE
Collingsworth,43.56,39.69,TX,FALSE
Colorado,45.88,34.1,TX,FALSE
Comal,50.72,25.31,TX,FALSE
Comanche,31.75,43.75,TX,TRUE
Concho,33.5,39.56,TX,TRUE
Cooke,40.5,23.73,TX,FALSE
Coryell,42.93,29.05,TX,FALSE
Cottle,23.9,52.88,TX,TRUE
Crane,49.76,27.86,TX,FALSE
Crockett,37.87,39.7,TX,TRUE
Crosby,43.08,43.25,TX,TRUE
Culberson,29.63,50.06,TX,TRUE
Dallam,54.78,25.79,TX,FALSE
Dallas,38.72,35,TX,FALSE
Dawson,55.43,33.76,TX,FALSE
Deaf Smith,56.43,29.54,TX,FALSE
Delta,29.73,42.88,TX,TRUE
Denton,41.6,23.93,TX,FALSE
Dewitt,48.11,31.6,TX,FALSE
Dickens,32.16,46.21,TX,TRUE
Dimmit,19.27,72.42,TX,TRUE
Donley,51.47,33.31,TX,FALSE
Duval,13.86,79.56,TX,TRUE
Eastland,38.87,37.6,TX,FALSE
Ector,50.35,30.85,TX,FALSE
Edwards,51.86,28.64,TX,FALSE
Ellis,40.5,28.47,TX,FALSE
El Paso,34.94,50.1,TX,TRUE
Erath,36.77,33.85,TX,FALSE
Falls,31.63,47.83,TX,TRUE
Fannin,26.11,43.31,TX,TRUE
Fayette,42.94,33.13,TX,FALSE
Fisher,24.22,55.82,TX,TRUE
Floyd,55.7,31.47,TX,FALSE
Foard,26.01,54.65,TX,TRUE
Fort Bend,46.62,34.07,TX,FALSE
Franklin,31.66,40.04,TX,TRUE
Freestone,36.39,38.41,TX,TRUE
Frio,29.52,55.04,TX,TRUE
Gaines,54.36,27.84,TX,FALSE
Galveston,34.69,42.8,TX,TRUE
Garza,52.01,29.56,TX,FALSE
Gillespie,56.28,19.11,TX,FALSE
Glasscock,66.03,17.42,TX,FALSE
Goliad,43.66,37.76,TX,FALSE
Gonzales,45.02,36.1,TX,FALSE
Gray,58.86,23.39,TX,FALSE
Grayson,32.15,32.73,TX,TRUE
Gregg,49.11,30.59,TX,FALSE
Grimes,38.64,41.72,TX,TRUE
Guadalupe,46.79,28.4,TX,FALSE
Hale,59.59,26.98,TX,FALSE
Hall,36.81,47.78,TX,TRUE
Hamilton,37.8,33.75,TX,FALSE
Hansford,69.08,14.36,TX,FALSE
Hardeman,31.71,49.28,TX,TRUE
Hardin,35.04,40.21,TX,TRUE
Harris,43.14,38.2,TX,FALSE
Harrison,38.5,42.05,TX,TRUE
Hartley,60.16,22.59,TX,FALSE
Haskell,29.86,50.4,TX,TRUE
Hays,36.7,39.76,TX,TRUE
Hemphill,58.18,28.18,TX,FALSE
Henderson,34.49,37.53,TX,TRUE
Hidalgo,30.6,58.08,TX,TRUE
Hill,35.36,37.87,TX,TRUE
Hockley,54.16,29.25,TX,FALSE
Hood,37.52,30.78,TX,FALSE
Hopkins,31.93,38.38,TX,TRUE
Houston,38.24,40.52,TX,TRUE
Howard,47.17,34.35,TX,FALSE
Hudspeth,37.4,41.89,TX,TRUE
Hunt,39.51,30.23,TX,FALSE
Hutchinson,55.42,26.02,TX,FALSE
Irion,34.06,30.81,TX,FALSE
Jack,31.1,37.47,TX,TRUE
Jackson,47.57,33.42,TX,FALSE
Jasper,32.02,46.81,TX,TRUE
Jeff Davis,41.1,36.64,TX,FALSE
Jefferson,31,50.66,TX,TRUE
Jim Hogg,22.65,72.04,TX,TRUE
Jim Wells,26.36,62.19,TX,TRUE
Johnson,36.22,32.34,TX,FALSE
Jones,35.2,40.46,TX,TRUE
Karnes,42.34,40.36,TX,FALSE
Kaufman,34.51,34.09,TX,FALSE
Kendall,56.6,18.68,TX,FALSE
Kenedy,39.66,50,TX,TRUE
Kent,28.69,44.43,TX,TRUE
Kerr,53.72,22.66,TX,FALSE
Kimble,48.98,28.95,TX,FALSE
King,41.8,28.57,TX,FALSE
Kinney,41.2,38.86,TX,FALSE
Kleberg,36.89,48.36,TX,TRUE
Knox,28.71,47.05,TX,TRUE
Lamar,35.57,38.96,TX,TRUE
Lamb,55.01,31.87,TX,FALSE
Lampasas,43.07,29.08,TX,FALSE
La Salle,25.27,65.63,TX,TRUE
Lavaca,43.24,34.72,TX,FALSE
Lee,41.68,36.52,TX,FALSE
Leon,40.16,37.07,TX,FALSE
Liberty,37.95,38.37,TX,TRUE
Limestone,33.4,45.16,TX,TRUE
Lipscomb,57.74,23.26,TX,FALSE
Live Oak,45.52,33.92,TX,FALSE
Llano,41.96,33.08,TX,FALSE
Loving,32.29,20.83,TX,FALSE
Lubbock,58.95,26.84,TX,FALSE
Lynn,50.78,37.15,TX,FALSE
McCulloch,31.74,39.9,TX,TRUE
McLennan,40.67,37,TX,FALSE
McMullen,61.85,17.61,TX,FALSE
Madison,39.76,39.99,TX,TRUE
Marion,29.03,50.28,TX,TRUE
Martin,49.6,32.24,TX,FALSE
Mason,45.06,33.1,TX,FALSE
Matagorda,40.47,36.15,TX,FALSE
Maverick,27.28,61.86,TX,TRUE
Medina,45.54,33.84,TX,FALSE
Menard,27.72,43.3,TX,TRUE
Midland,58.39,22.15,TX,FALSE
Milam,32.32,47.43,TX,TRUE
Mills,35.28,37.84,TX,TRUE
Mitchell,36.47,43.74,TX,TRUE
Montague,30.61,38.33,TX,TRUE
Montgomery,51.28,23.8,TX,FALSE
Moore,57.24,24.75,TX,FALSE
Morris,25.14,54.37,TX,TRUE
Motley,54.46,31.26,TX,FALSE
Nacogdoches,45.58,32.05,TX,FALSE
Navarro,33.27,40.8,TX,TRUE
Newton,22,58.99,TX,TRUE
Nolan,33.48,41.83,TX,TRUE
Nueces,36.49,45.95,TX,TRUE
Ochiltree,68.06,15.67,TX,FALSE
Oldham,59.07,22.8,TX,FALSE
Orange,30.14,47.11,TX,TRUE
Palo Pinto,30.75,36.57,TX,TRUE
Panola,37.22,42.33,TX,TRUE
Parker,37.54,28.86,TX,FALSE
Parmer,60.3,21,TX,FALSE
Pecos,40.59,39.31,TX,FALSE
Polk,37.81,41.69,TX,TRUE
Potter,48.64,34.3,TX,FALSE
Presidio,21.15,62.88,TX,TRUE
Rains,32.69,37.14,TX,TRUE
Randall,61.6,22.5,TX,FALSE
Reagan,52.08,26.96,TX,FALSE
Real,47.99,28.23,TX,FALSE
Red River,30.68,47.5,TX,TRUE
Reeves,27.3,56.37,TX,TRUE
Refugio,39.36,41.02,TX,TRUE
Roberts,63.37,20.42,TX,FALSE
Robertson,30.46,52.23,TX,TRUE
Rockwall,48.44,18.06,TX,FALSE
Runnels,38.09,32.28,TX,FALSE
Rusk,45.61,32.53,TX,FALSE
Sabine,31.85,48.91,TX,TRUE
San Augustine,34.06,47.6,TX,TRUE
San Jacinto,35.57,40.59,TX,TRUE
San Patricio,39.48,43.43,TX,TRUE
San Saba,34.38,34.05,TX,FALSE
Schleicher,36.72,34.12,TX,FALSE
Scurry,43.62,26.29,TX,FALSE
Shackelford,40.64,31.57,TX,FALSE
Shelby,36.96,45.79,TX,TRUE
Sherman,62.16,19.07,TX,FALSE
Smith,47.03,29.68,TX,FALSE
Somervell,33.96,30.45,TX,FALSE
Starr,13.05,82.8,TX,TRUE
Stephens,41.88,29.69,TX,FALSE
Sterling,50.79,20.03,TX,FALSE
Stonewall,21.51,49.87,TX,TRUE
Sutton,42.99,32.79,TX,FALSE
Swisher,33.54,47.91,TX,TRUE
Tarrant,38.9,33.14,TX,FALSE
Taylor,49.75,27.24,TX,FALSE
Terrell,27.89,51.51,TX,TRUE
Terry,52.54,33.24,TX,FALSE
Throckmorton,38.21,39.39,TX,TRUE
Titus,34.32,41.15,TX,TRUE
Tom Green,40.8,31.13,TX,FALSE
Travis,31.89,47.26,TX,TRUE
Trinity,33.64,47.11,TX,TRUE
Tyler,32.02,47.08,TX,TRUE
Upshur,36.95,39.12,TX,TRUE
Upton,51.71,27.85,TX,FALSE
Uvalde,42.55,40.76,TX,FALSE
Val Verde,37.3,43.18,TX,TRUE
Van Zandt,35.44,32.39,TX,FALSE
Victoria,50.26,29.2,TX,FALSE
Walker,41.84,35.29,TX,FALSE
Waller,33.84,47.14,TX,TRUE
Ward,40,38.33,TX,FALSE
Washington,53.6,30.25,TX,FALSE
Webb,31.32,58.35,TX,TRUE
Wharton,43,36.28,TX,FALSE
Wheeler,52.69,33.9,TX,FALSE
Wichita,38.53,36.52,TX,FALSE
Wilbarger,36.69,36.03,TX,FALSE
Willacy,27.04,60.96,TX,TRUE
Williamson,42.79,31.73,TX,FALSE
Wilson,39.13,38.56,TX,FALSE
Winkler,43.41,34.86,TX,FALSE
Wise,33.57,33,TX,FALSE
Wood,38.22,33.15,TX,FALSE
Yoakum,57.71,23.11,TX,FALSE
Young,37.71,32.1,TX,FALSE
Zapata,26.65,63.16,TX,TRUE
Zavala,14.76,79.06,TX,TRUE
Beaver,49.27,31.64,UT,FALSE
Box Elder,49.58,14.05,UT,FALSE
Cache,51.98,16.19,UT,FALSE
Carbon,23.11,50.81,UT,TRUE
Daggett,38.91,27.6,UT,FALSE
Davis,48.05,18.35,UT,FALSE
Duchesne,43.44,16.91,UT,FALSE
Emery,36.43,29.91,UT,FALSE
Garfield,62.28,15.58,UT,FALSE
Grand,32.91,34.71,UT,TRUE
Iron,59.88,16.39,UT,FALSE
Juab,42.73,28.43,UT,FALSE
Kane,57.14,13.58,UT,FALSE
Millard,52.33,15.56,UT,FALSE
Morgan,45.54,17.69,UT,FALSE
Piute,56.97,22.44,UT,FALSE
Rich,59.93,17.58,UT,FALSE
Salt Lake,36.79,31.4,UT,FALSE
San Juan,46.23,37.81,UT,FALSE
Sanpete,44.8,19.48,UT,FALSE
Sevier,50.5,16.6,UT,FALSE
Summit,33.33,32.06,UT,FALSE
Tooele,35.79,31.84,UT,FALSE
Uintah,45.09,17.67,UT,FALSE
Utah,56.76,13.02,UT,FALSE
Wasatch,42.02,24.03,UT,FALSE
Washington,52.66,15.66,UT,FALSE
Wayne,57.63,19.27,UT,FALSE
Weber,39.3,26.09,UT,FALSE
Accomack County,43.17,37.71,VA,FALSE
Albemarle County,43.69,43.66,VA,FALSE
Alleghany County,40.55,42.35,VA,TRUE
Amelia County,48.82,36.32,VA,FALSE
Amherst County,50.26,37.6,VA,FALSE
Appomattox County,50.36,34.15,VA,FALSE
Arlington County,31.94,57.83,VA,TRUE
Augusta County,58.98,23.74,VA,FALSE
Bath County,46.14,36.7,VA,FALSE
Bedford County,50.57,32.72,VA,FALSE
Bland County,48.31,35.35,VA,FALSE
Botetourt County,48.36,35.62,VA,FALSE
Brunswick County,36.92,54.88,VA,TRUE
Buchanan County,28.17,63.27,VA,TRUE
Buckingham County,46.4,42.97,VA,FALSE
Campbell County,55.33,30.36,VA,FALSE
Caroline County,38.01,48.63,VA,TRUE
Carroll County,51.89,34.72,VA,FALSE
Charles City County,24.19,66.69,VA,TRUE
Charlotte County,44.86,41.05,VA,FALSE
Chesterfield County,55.55,27.5,VA,FALSE
Clarke County,42.9,38.96,VA,FALSE
Craig County,43.88,42.01,VA,FALSE
Culpeper County,49.93,32.91,VA,FALSE
Cumberland County,48.55,37.94,VA,FALSE
Dickenson County,31.61,59.43,VA,TRUE
Dinwiddie County,42.43,42.15,VA,FALSE
Essex County,48.59,40.55,VA,FALSE
Fairfax County,44.26,41.58,VA,FALSE
Fauquier County,50.57,31.79,VA,FALSE
Floyd County,48.44,38.11,VA,FALSE
Fluvanna County,48.03,36.47,VA,FALSE
Franklin County,42.83,41.97,VA,FALSE
Frederick County,53.96,28.29,VA,FALSE
Giles County,39.61,43.84,VA,TRUE
Gloucester County,48.42,30.41,VA,FALSE
Goochland County,51.26,34.62,VA,FALSE
Grayson County,48.68,37.69,VA,FALSE
Greene County,52.3,31.24,VA,FALSE
Greensville County,33.49,56.12,VA,TRUE
Halifax County,46.16,42.19,VA,FALSE
Hanover County,59.36,23.41,VA,FALSE
Henrico County,52.27,33.81,VA,FALSE
Henry County,41.26,42.59,VA,TRUE
Highland County,49,35.29,VA,FALSE
Isle of Wight County,47.16,38.46,VA,FALSE
James City County,48.19,35.87,VA,FALSE
King and Queen County,41.34,46.73,VA,TRUE
King George County,48.27,34.02,VA,FALSE
King William County,49.54,34.84,VA,FALSE
Lancaster County,51.39,32.78,VA,FALSE
Lee County,35.77,53.24,VA,TRUE
Loudoun County,46.4,34.79,VA,FALSE
Louisa County,41.66,40.92,VA,FALSE
Lunenburg County,45.34,42.39,VA,FALSE
Madison County,48.99,35.57,VA,FALSE
Mathews County,48.15,30.98,VA,FALSE
Mecklenburg County,49.23,38.95,VA,FALSE
Middlesex County,47.47,34.09,VA,FALSE
Montgomery County,42.53,42.74,VA,TRUE
Nelson County,38.99,46.7,VA,TRUE
New Kent County,49.39,31.7,VA,FALSE
Northampton County,37.17,45.71,VA,TRUE
Northumberland County,50,34.91,VA,FALSE
Nottoway County,45.45,41.98,VA,FALSE
Orange County,45.64,37.34,VA,FALSE
Page County,49.68,35.58,VA,FALSE
Patrick County,48.98,34.29,VA,FALSE
Pittsylvania County,52.38,35.06,VA,FALSE
Powhatan County,54.08,27.52,VA,FALSE
Prince Edward County,44.78,43.47,VA,FALSE
Prince George County,50.99,32.8,VA,FALSE
Prince William County,46.82,35,VA,FALSE
Pulaski County,43.96,40.27,VA,FALSE
Rappahannock County,44.33,40.02,VA,FALSE
Richmond County,52.75,33.9,VA,FALSE
Roanoke County,50.31,35.79,VA,FALSE
Rockbridge County,43.02,38.76,VA,FALSE
Rockingham County,60.56,25.16,VA,FALSE
Russell County,33.88,56.43,VA,TRUE
Scott County,46.59,41.06,VA,FALSE
Shenandoah County,55.74,28.47,VA,FALSE
Smyth County,47.39,38.08,VA,FALSE
Southampton County,41.37,46.54,VA,TRUE
Spotsylvania County,49.26,33.87,VA,FALSE
Stafford County,50.37,31.03,VA,FALSE
Surry County,31.94,55.66,VA,TRUE
Sussex County,35.9,51.56,VA,TRUE
Tazewell County,37.38,50.34,VA,TRUE
Warren County,44.64,36.73,VA,FALSE
Washington County,48.17,38.27,VA,FALSE
Westmoreland County,41.04,44.32,VA,TRUE
Wise County,34.62,51.7,VA,TRUE
Wythe County,48.81,34.46,VA,FALSE
York County,51.07,31.14,VA,FALSE
Alexandria City,31.7,58.44,VA,TRUE
Bedford City,45.29,39.98,VA,FALSE
Bristol City,48.46,39.51,VA,FALSE
Buena Vista City,38.59,46.5,VA,TRUE
Charlottesville City,31.58,58.29,VA,TRUE
Chesapeake City,46.73,37.98,VA,FALSE
Clifton Forge City,33.74,51.15,VA,TRUE
Colonial Heights City,63.07,20.49,VA,FALSE
Covington City,34.68,50.26,VA,TRUE
Danville City,48.75,41.37,VA,FALSE
Emporia City,47.18,45.19,VA,FALSE
Fairfax City,44.7,40.07,VA,FALSE
Falls Church City,35.38,53,VA,TRUE
Franklin City,40.34,50.79,VA,TRUE
Fredericksburg City,40.98,47.48,VA,TRUE
Galax City,46.37,40.83,VA,FALSE
Hampton City,38.53,46.9,VA,TRUE
Harrisonburg City,51.24,35.44,VA,FALSE
Hopewell City,47.48,35.6,VA,FALSE
Lexington City,39.26,49.54,VA,TRUE
Lynchburg City,50.13,38.4,VA,FALSE
Manassas City,48.89,32.7,VA,FALSE
Manassas Park City,46.05,32.97,VA,FALSE
Martinsville City,40.65,46.44,VA,TRUE
Newport News City,43.83,42.14,VA,FALSE
Norfolk City,32.4,54.47,VA,TRUE
Norton City,30.49,56.27,VA,TRUE
Petersburg City,24.57,68.18,VA,TRUE
Poquoson City,61.69,19.97,VA,FALSE
Portsmouth City,33.45,54.3,VA,TRUE
Radford City,41.71,45.62,VA,TRUE
Richmond City,30.53,59.75,VA,TRUE
Roanoke City,38.21,50.38,VA,TRUE
Salem City,48.21,37.75,VA,FALSE
South Boston City,52.05,38.12,VA,FALSE
Staunton City,54.04,30.88,VA,FALSE
Suffolk City,43.01,45.47,VA,TRUE
Virginia Beach City,50.03,32.15,VA,FALSE
Waynesboro City,52.57,32.2,VA,FALSE
Williamsburg City,36.27,49.91,VA,TRUE
Winchester City,49.77,35.94,VA,FALSE
Albany,32.75,44.8,WY,TRUE
Big Horn,47.47,26.05,WY,FALSE
Campbell,47.64,24.28,WY,FALSE
Carbon,34.96,41.24,WY,TRUE
Converse,45.68,27.66,WY,FALSE
Crook,51.71,21.33,WY,FALSE
Fremont,39.19,34.66,WY,FALSE
Goshen,45.25,33.14,WY,FALSE
Hot Springs,41.27,31.22,WY,FALSE
Johnson,51.83,21.07,WY,FALSE
Laramie,40.7,38.44,WY,FALSE
Lincoln,47.01,25.91,WY,FALSE
Natrona,35.75,36.12,WY,TRUE
Niobrara,49.3,23.14,WY,FALSE
Park,46.87,24.89,WY,FALSE
Platte,41.47,34.76,WY,FALSE
Sheridan,37.49,36.06,WY,FALSE
Sublette,46.13,21.17,WY,FALSE
Sweetwater,30.3,43.44,WY,TRUE
Teton,34.33,37.53,WY,TRUE
Uinta,39.78,30.15,WY,FALSE
Washakie,43.86,28.51,WY,FALSE
Weston,48.49,24.06,WY,FALSE
Arkansas,32.51,59.01,AR,TRUE
Ashley,28.08,61.42,AR,TRUE
Baxter,35.85,44.44,AR,TRUE
Benton,48.81,36.45,AR,FALSE
Boone,42.21,42.45,AR,TRUE
Bradley,30.64,61.07,AR,TRUE
Calhoun,38.75,51.41,AR,TRUE
Carroll,39.91,42.55,AR,TRUE
Chicot,24.36,68.72,AR,TRUE
Clark,26.93,64.64,AR,TRUE
Clay,23.26,68.47,AR,TRUE
Cleburne,35.87,51,AR,TRUE
Cleveland,33.36,56.04,AR,TRUE
Columbia,37.7,48.35,AR,TRUE
Conway,32.06,57.75,AR,TRUE
Craighead,35.57,54.43,AR,TRUE
Crawford,42.57,41.18,AR,FALSE
Crittenden,34.55,56.6,AR,TRUE
Cross,32.97,58.09,AR,TRUE
Dallas,37.15,53.68,AR,TRUE
Desha,22.75,67.87,AR,TRUE
Drew,30.77,59.51,AR,TRUE
Faulkner,37.64,51.56,AR,TRUE
Franklin,37.04,47.76,AR,TRUE
Fulton,26.56,59.69,AR,TRUE
Garland,35.8,52.26,AR,TRUE
Grant,36.66,51.47,AR,TRUE
Greene,28.49,61.2,AR,TRUE
Hempstead,26.75,61.38,AR,TRUE
Hot Spring,28.6,59.42,AR,TRUE
Howard,34.73,55.56,AR,TRUE
Independence,32.96,55.16,AR,TRUE
Izard,27.42,61.18,AR,TRUE
Jackson,24.77,65.71,AR,TRUE
Jefferson,23.74,68.85,AR,TRUE
Johnson,33.82,52.14,AR,TRUE
Lafayette,29.86,57.12,AR,TRUE
Lawrence,30.65,59.84,AR,TRUE
Lee,25.52,67.82,AR,TRUE
Lincoln,26.27,64.53,AR,TRUE
Little River,25.94,58.18,AR,TRUE
Logan,39.23,45.99,AR,TRUE
Lonoke,39.52,50.32,AR,TRUE
Madison,42.41,45.76,AR,TRUE
Marion,32.39,44.15,AR,TRUE
Miller,36.06,48.21,AR,TRUE
Mississippi,29.43,62.94,AR,TRUE
Monroe,30.99,60.35,AR,TRUE
Montgomery,32.46,51.29,AR,TRUE
Nevada,30.83,56.79,AR,TRUE
Newton,41.75,42.59,AR,TRUE
Ouachita,29.89,59.69,AR,TRUE
Perry,33.16,54.39,AR,TRUE
Phillips,27.4,65.63,AR,TRUE
Pike,37.26,51.23,AR,TRUE
Poinsett,28.29,62.31,AR,TRUE
Polk,38.2,43.81,AR,TRUE
Pope,45.1,43.13,AR,FALSE
Prairie,29.17,59.81,AR,TRUE
Pulaski,34.89,58.03,AR,TRUE
Randolph,27.97,62.1,AR,TRUE
St. Francis,30.93,61.57,AR,TRUE
Saline,39.38,49.38,AR,TRUE
Scott,37.15,48.84,AR,TRUE
Searcy,44.48,42.14,AR,FALSE
Sebastian,42.4,41.78,AR,FALSE
Sevier,31.77,51.05,AR,TRUE
Sharp,34.55,52.27,AR,TRUE
Stone,33.18,52.03,AR,TRUE
Union,39.32,47.29,AR,TRUE
Van Buren,35.48,51.88,AR,TRUE
Washington,42.38,46.01,AR,TRUE
White,39.6,48.67,AR,TRUE
Woodruff,19.34,74.08,AR,TRUE
Yell,32.79,54.49,AR,TRUE
Appling,41.71,40.73,GA,FALSE
Atkinson,35.65,48.33,GA,TRUE
Bacon,39.01,42.67,GA,TRUE
Baker,26.63,58.86,GA,TRUE
Baldwin,36.16,49.31,GA,TRUE
Banks,42.25,41.68,GA,FALSE
Barrow,43.36,39.98,GA,FALSE
Bartow,45.57,39.29,GA,FALSE
Ben Hill,33.06,52.6,GA,TRUE
Berrien,36.03,46.29,GA,TRUE
Bibb,36.72,51.93,GA,TRUE
Bleckley,39.69,43.23,GA,TRUE
Brantley,36.06,44.06,GA,TRUE
Brooks,41.23,43.92,GA,TRUE
Bryan,47.05,34.26,GA,FALSE
Bulloch,45,38.78,GA,FALSE
Burke,34.84,53.17,GA,TRUE
Butts,36.45,50.46,GA,TRUE
Calhoun,22.99,64.47,GA,TRUE
Camden,46.45,38.99,GA,FALSE
Candler,36.81,43.27,GA,TRUE
Carroll,47.6,37.21,GA,FALSE
Catoosa,51.59,32.7,GA,FALSE
Charlton,46.09,38.97,GA,FALSE
Chatham,44.3,43.75,GA,FALSE
Chattahoochee,34.47,50.42,GA,TRUE
Chattooga,38.09,46.47,GA,TRUE
Cherokee,54.95,27.77,GA,FALSE
Clarke,36.07,53.12,GA,TRUE
Clay,22.06,65,GA,TRUE
Clayton,41.33,44.65,GA,TRUE
Clinch,43,41.32,GA,FALSE
Cobb,52.62,32.45,GA,FALSE
Coffee,45.31,39.27,GA,FALSE
Colquitt,45.54,37.86,GA,FALSE
Columbia,59.07,25.23,GA,FALSE
Cook,36.56,48.02,GA,TRUE
Coweta,47.75,34.51,GA,FALSE
Crawford,30.6,51.78,GA,TRUE
Crisp,39.46,45.72,GA,TRUE
Dade,45.61,37.09,GA,FALSE
Dawson,43.58,35.95,GA,FALSE
Decatur,42.35,43.11,GA,TRUE
DeKalb,32.62,57.82,GA,TRUE
Dodge,36.43,47.82,GA,TRUE
Dooly,30.53,58.84,GA,TRUE
Dougherty,40.27,49.26,GA,TRUE
Douglas,50.08,33.27,GA,FALSE
Early,35.17,47.55,GA,TRUE
Echols,39.63,34.25,GA,FALSE
Effingham,47.9,33.78,GA,FALSE
Elbert,38.46,49.05,GA,TRUE
Emanuel,41.43,45.93,GA,TRUE
Evans,42.03,41.55,GA,FALSE
Fannin,45.24,40.33,GA,FALSE
Fayette,55.47,26.6,GA,FALSE
Floyd,44.43,41.69,GA,FALSE
Forsyth,50.64,28.89,GA,FALSE
Franklin,40.37,42.29,GA,TRUE
Fulton,33.2,57.29,GA,TRUE
Gilmer,45.19,39.25,GA,FALSE
Glascock,50.94,31.19,GA,FALSE
Glynn,49.02,37.42,GA,FALSE
Gordon,46.95,36.59,GA,FALSE
Grady,39.28,41.77,GA,TRUE
Greene,32.21,55.67,GA,TRUE
Gwinnett,54.34,29.39,GA,FALSE
Habersham,50.02,33.92,GA,FALSE
Hall,49.67,34.58,GA,FALSE
Hancock,16.03,77.95,GA,TRUE
Haralson,41.23,43.05,GA,TRUE
Harris,47.64,38.49,GA,FALSE
Hart,34.26,47.5,GA,TRUE
Heard,36.36,44.49,GA,TRUE
Henry,52.03,32.19,GA,FALSE
Houston,43.11,37.47,GA,FALSE
Irwin,34.5,48.44,GA,TRUE
Jackson,43.38,41.37,GA,FALSE
Jasper,38.14,49.12,GA,TRUE
Jeff Davis,39.32,41.01,GA,TRUE
Jefferson,34.68,53.77,GA,TRUE
Jenkins,34.05,51.36,GA,TRUE
Johnson,39.88,44.7,GA,TRUE
Jones,38.05,45.86,GA,TRUE
Lamar,38.71,46.83,GA,TRUE
Lanier,35.03,47.34,GA,TRUE
Laurens,43.72,43.99,GA,TRUE
Lee,51.81,30.65,GA,FALSE
Liberty,35.87,48.8,GA,TRUE
Lincoln,38.84,44.86,GA,TRUE
Long,36.74,44.66,GA,TRUE
Lowndes,46.3,40.64,GA,FALSE
Lumpkin,39.16,39.91,GA,TRUE
McDuffie,45.69,40.82,GA,FALSE
McIntosh,29.2,54.73,GA,TRUE
Macon,24.8,65.45,GA,TRUE
Madison,48.61,34.72,GA,FALSE
Marion,34.58,55.69,GA,TRUE
Meriwether,32.3,54.67,GA,TRUE
Miller,37.26,42.13,GA,TRUE
Mitchell,33.08,52.67,GA,TRUE
Monroe,39.28,44.97,GA,TRUE
Montgomery,38.56,45.28,GA,TRUE
Morgan,40.34,46.17,GA,TRUE
Murray,45.13,38.31,GA,FALSE
Muscogee,41.7,49.68,GA,TRUE
Newton,42.49,42.54,GA,TRUE
Oconee,51.08,33.99,GA,FALSE
Oglethorpe,42.94,40.26,GA,FALSE
Paulding,47.59,34.54,GA,FALSE
Peach,33.37,52.73,GA,TRUE
Pickens,40.57,41.04,GA,TRUE
Pierce,42.46,41.41,GA,FALSE
Pike,44.4,40.23,GA,FALSE
Polk,38.98,45.67,GA,TRUE
Pulaski,31.15,50.88,GA,TRUE
Putnam,37.41,45.78,GA,TRUE
Quitman,30.8,56.72,GA,TRUE
Rabun,41.15,40.63,GA,FALSE
Randolph,29.98,59.34,GA,TRUE
Richmond,40.7,48.57,GA,TRUE
Rockdale,52.64,30.86,GA,FALSE
Schley,39.43,46.37,GA,TRUE
Screven,39.05,44.43,GA,TRUE
Seminole,33.74,47.36,GA,TRUE
Spalding,46.15,40.63,GA,FALSE
Stephens,47.65,35.04,GA,FALSE
Stewart,40.77,52.94,GA,TRUE
Sumter,39.44,48.96,GA,TRUE
Talbot,25.02,65.92,GA,TRUE
Taliaferro,24.32,68.26,GA,TRUE
Tattnall,43.18,39.72,GA,FALSE
Taylor,37.53,52.51,GA,TRUE
Telfair,31.58,53.39,GA,TRUE
Terrell,32.9,55.9,GA,TRUE
Thomas,46.03,40.52,GA,FALSE
Tift,46.87,41.07,GA,FALSE
Toombs,48.18,35.35,GA,FALSE
Towns,45.19,40.15,GA,FALSE
Treutlen,38.31,47.61,GA,TRUE
Troup,47.64,37.63,GA,FALSE
Turner,30.95,55.19,GA,TRUE
Twiggs,25.15,61.82,GA,TRUE
Union,44.78,40.74,GA,FALSE
Upson,45.03,41.55,GA,FALSE
Walker,48.54,35.55,GA,FALSE
Walton,45.35,38.91,GA,FALSE
Ware,43.87,43.87,GA,FALSE
Warren,34.53,56.97,GA,TRUE
Washington,35.45,52.16,GA,TRUE
Wayne,44.77,40.41,GA,FALSE
Webster,22.83,65.86,GA,TRUE
Wheeler,35.37,51.8,GA,TRUE
White,47.37,33.58,GA,FALSE
Whitfield,53.97,32.98,GA,FALSE
Wilcox,33.64,50.13,GA,TRUE
Wilkes,38.74,49.34,GA,TRUE
Wilkinson,30.26,56.14,GA,TRUE
Worth,40.16,44.17,GA,TRUE
Adair,40.84,39.46,IA,FALSE
Adams,33.24,39.83,IA,TRUE
Allamakee,39.33,35.36,IA,FALSE
Appanoose,36.81,44.09,IA,TRUE
Audubon,35.45,41.03,IA,TRUE
Benton,33.23,42.79,IA,TRUE
Black Hawk,34.77,48.06,IA,TRUE
Boone,33.95,48.39,IA,TRUE
Bremer,38.26,40.75,IA,TRUE
Buchanan,34.32,43.15,IA,TRUE
Buena Vista,41.73,36.45,IA,FALSE
Butler,44.96,35.7,IA,FALSE
Calhoun,41.13,40.58,IA,FALSE
Carroll,36.3,40.11,IA,TRUE
Cass,45,31.61,IA,FALSE
Cedar,35.98,40,IA,TRUE
Cerro Gordo,33.96,46.99,IA,TRUE
Cherokee,40.16,37.57,IA,FALSE
Chickasaw,32.06,43.87,IA,TRUE
Clarke,33.26,45.09,IA,TRUE
Clay,35.93,39.93,IA,TRUE
Clayton,33.12,40.72,IA,TRUE
Clinton,35.04,46.81,IA,TRUE
Crawford,35.1,39.16,IA,TRUE
Dallas,37.6,44.1,IA,TRUE
Davis,33.26,48.55,IA,TRUE
Decatur,33.02,46.81,IA,TRUE
Delaware,37.62,36.42,IA,FALSE
Des Moines,30.1,53.37,IA,TRUE
Dickinson,38.48,37.4,IA,FALSE
Dubuque,32.6,47.8,IA,TRUE
Emmet,34.76,44.5,IA,TRUE
Fayette,35.71,40.62,IA,TRUE
Floyd,31.02,47.59,IA,TRUE
Franklin,40.58,38.91,IA,FALSE
Fremont,37.31,36.36,IA,FALSE
Greene,36.47,45.25,IA,TRUE
Grundy,51.33,30.78,IA,FALSE
Guthrie,35.98,40.97,IA,TRUE
Hamilton,39.46,42.47,IA,TRUE
Hancock,41.82,37.46,IA,FALSE
Hardin,39.98,42.23,IA,TRUE
Harrison,40.23,34.2,IA,FALSE
Henry,39.81,41.08,IA,TRUE
Howard,31.18,43.17,IA,TRUE
Humboldt,44.34,34.04,IA,FALSE
Ida,40.43,34.18,IA,FALSE
Iowa,38.13,36.76,IA,FALSE
Jackson,28.73,47.52,IA,TRUE
Jasper,38.12,45.08,IA,TRUE
Jefferson,30.46,30.72,IA,TRUE
Johnson,27.12,55.35,IA,TRUE
Jones,34.51,39.42,IA,TRUE
Keokuk,35.52,41.76,IA,TRUE
Kossuth,38.24,40.4,IA,TRUE
Lee,27.85,54.61,IA,TRUE
Linn,33.99,43.39,IA,TRUE
Louisa,34.91,43.17,IA,TRUE
Lucas,37.1,44.33,IA,TRUE
Lyon,57.14,23.24,IA,FALSE
Madison,39.37,41.06,IA,TRUE
Mahaska,48.34,36.24,IA,FALSE
Marion,44.79,40.87,IA,FALSE
Marshall,37.09,45.4,IA,TRUE
Mills,43.77,29.16,IA,FALSE
Mitchell,36.15,40.71,IA,TRUE
Monona,34.23,39.99,IA,TRUE
Monroe,34.98,48.36,IA,TRUE
Montgomery,44.78,29.78,IA,FALSE
Muscatine,36.09,42.04,IA,TRUE
O'Brien,51.06,28,IA,FALSE
Osceola,48.78,27.5,IA,FALSE
Page,50.21,26.69,IA,FALSE
Palo Alto,33.26,44.13,IA,TRUE
Plymouth,49.56,30.25,IA,FALSE
Pocahontas,37.33,41.1,IA,TRUE
Polk,38.09,46.98,IA,TRUE
Pottawattamie,42.22,35.64,IA,FALSE
Poweshiek,35.87,44.83,IA,TRUE
Ringgold,33.71,46.74,IA,TRUE
Sac,41,36.36,IA,FALSE
Scott,38.63,45.22,IA,TRUE
Shelby,42.92,32,IA,FALSE
Sioux,72.21,15.11,IA,FALSE
Story,34.98,47.14,IA,TRUE
Tama,35.39,42.89,IA,TRUE
Taylor,33.79,40.27,IA,TRUE
Union,36.45,42.04,IA,TRUE
Van Buren,38.22,39.46,IA,TRUE
Wapello,33.97,48.1,IA,TRUE
Warren,37.8,44.95,IA,TRUE
Washington,39.65,37.52,IA,FALSE
Wayne,36.24,45.54,IA,TRUE
Webster,36.95,45.25,IA,TRUE
Winnebago,39.6,38.2,IA,FALSE
Winneshiek,34.61,39.39,IA,TRUE
Woodbury,42.34,40.59,IA,FALSE
Worth,31.07,45.17,IA,TRUE
Wright,40.63,41.65,IA,TRUE
Adair,58.22,31.82,KY,FALSE
Allen,47.53,41.6,KY,FALSE
Anderson,42.2,38.49,KY,FALSE
Ballard,28.56,58.45,KY,TRUE
Barren,42.14,43.84,KY,TRUE
Bath,29.95,53.02,KY,TRUE
Bell,38.89,49.63,KY,TRUE
Boone,52.2,27.63,KY,FALSE
Bourbon,39.12,41.84,KY,TRUE
Boyd,34.93,49.63,KY,TRUE
Boyle,43.32,41.97,KY,FALSE
Bracken,39.63,42.94,KY,TRUE
Breathitt,24.42,65.52,KY,TRUE
Breckinridge,41.94,44.39,KY,TRUE
Bullitt,40.83,41.28,KY,TRUE
Butler,56.78,30.55,KY,FALSE
Caldwell,34.79,53.09,KY,TRUE
Calloway,36.53,48.52,KY,TRUE
Campbell,49.88,32.5,KY,FALSE
Carlisle,34.2,53.5,KY,TRUE
Carroll,27.92,56.57,KY,TRUE
Carter,38.61,49.35,KY,TRUE
Casey,62.56,26.57,KY,FALSE
Christian,47.5,41.19,KY,FALSE
Clark,40.16,42.48,KY,TRUE
Clay,64,27.13,KY,FALSE
Clinton,63.8,27.98,KY,FALSE
Crittenden,41.26,45.55,KY,TRUE
Cumberland,60.96,29.96,KY,FALSE
Daviess,40.45,44.93,KY,TRUE
Edmonson,54.22,36.05,KY,FALSE
Elliott,17.58,71.13,KY,TRUE
Estill,48.68,36.46,KY,FALSE
Fayette,43.87,40.1,KY,FALSE
Fleming,39.82,43.95,KY,TRUE
Floyd,18.96,71.5,KY,TRUE
Franklin,36.09,47.05,KY,TRUE
Fulton,33.49,56.59,KY,TRUE
Gallatin,30.01,50.28,KY,TRUE
Garrard,49.18,36.06,KY,FALSE
Grant,39.44,38.87,KY,FALSE
Graves,34.62,52.15,KY,TRUE
Grayson,53.29,34.2,KY,FALSE
Green,54.33,35.3,KY,FALSE
Greenup,34.52,50.05,KY,TRUE
Hancock,34.98,47.55,KY,TRUE
Hardin,47.38,36.28,KY,FALSE
Harlan,32.61,55.59,KY,TRUE
Harrison,34.71,45.16,KY,TRUE
Hart,40.99,48.69,KY,TRUE
Henderson,31.78,51.28,KY,TRUE
Henry,31.42,54.38,KY,TRUE
Hickman,35.04,52.75,KY,TRUE
Hopkins,34.41,50.66,KY,TRUE
Jackson,74.96,17.12,KY,FALSE
Jefferson,37.62,49.3,KY,TRUE
Jessamine,52.47,30.5,KY,FALSE
Johnson,42.84,43.49,KY,TRUE
Kenton,51.31,30.76,KY,FALSE
Knott,16.96,75.05,KY,TRUE
Knox,51,38.54,KY,FALSE
Larue,43.69,44.42,KY,TRUE
Laurel,57.03,30.3,KY,FALSE
Lawrence,41.21,47.46,KY,TRUE
Lee,51.2,37.05,KY,FALSE
Leslie,58.33,32.23,KY,FALSE
Letcher,29.84,57.65,KY,TRUE
Lewis,50.84,34.93,KY,FALSE
Lincoln,44.13,42.58,KY,FALSE
Livingston,31.05,55.33,KY,TRUE
Logan,41.93,45.93,KY,TRUE
Lyon,30.34,58.56,KY,TRUE
Madison,43.94,40.35,KY,FALSE
Magoffin,34.88,57.1,KY,TRUE
Marion,33.06,53.81,KY,TRUE
Marshall,34.26,51.58,KY,TRUE
Martin,47.89,41.88,KY,FALSE
Mason,40.34,44.07,KY,TRUE
McCracken,39.25,49.13,KY,TRUE
McCreary,57.78,31.14,KY,FALSE
McLean,32.82,53.84,KY,TRUE
Meade,35.86,45.99,KY,TRUE
Menifee,25.97,61.12,KY,TRUE
Mercer,41.96,39.33,KY,FALSE
Metcalfe,44.14,44.66,KY,TRUE
Monroe,65.07,26.11,KY,FALSE
Montgomery,34.03,48.43,KY,TRUE
Morgan,28.09,60.19,KY,TRUE
Muhlenberg,27.08,60.25,KY,TRUE
Nelson,38.51,46.58,KY,TRUE
Nicholas,32.05,48.08,KY,TRUE
Ohio,38.18,45.37,KY,TRUE
Oldham,49.66,32.8,KY,FALSE
Owen,31.05,51.27,KY,TRUE
Owsley,61.36,28.95,KY,FALSE
Pendleton,38.77,37.27,KY,FALSE
Perry,34.11,54.69,KY,TRUE
Pike,29.24,61.81,KY,TRUE
Powell,35.89,46.08,KY,TRUE
Pulaski,58.84,28.15,KY,FALSE
Robertson,34.81,46.46,KY,TRUE
Rockcastle,67.12,23.36,KY,FALSE
Rowan,33.94,48.91,KY,TRUE
Russell,63.71,26.77,KY,FALSE
Scott,41.09,39.24,KY,FALSE
Shelby,43.56,42.11,KY,FALSE
Simpson,39.04,48.53,KY,TRUE
Spencer,41.21,43.67,KY,TRUE
Taylor,48.42,39.44,KY,FALSE
Todd,40.24,44.22,KY,TRUE
Trigg,37.49,50.22,KY,TRUE
Trimble,29.99,53.71,KY,TRUE
Union,27.97,57.94,KY,TRUE
Warren,49.33,38.56,KY,FALSE
Washington,44.69,42.77,KY,FALSE
Wayne,52.44,38.67,KY,FALSE
Webster,24.85,59.66,KY,TRUE
Whitley,49.3,37.81,KY,FALSE
Wolfe,25.97,62.37,KY,TRUE
Woodford,45.75,36.23,KY,FALSE
Acadia,36.7,49.97,LA,TRUE
Allen,30.64,56.16,LA,TRUE
Ascension,37.03,46.98,LA,TRUE
Assumption,28.01,53.95,LA,TRUE
Avoyelles,29.31,52.55,LA,TRUE
Beauregard,40.79,40.13,LA,FALSE
Bienville,32.45,52.46,LA,TRUE
Bossier,47.64,34.49,LA,FALSE
Caddo,41.55,46.49,LA,TRUE
Calcasieu,35.57,48.05,LA,TRUE
Caldwell,37.4,44,LA,TRUE
Cameron,30.64,45.76,LA,TRUE
Catahoula,36.12,46.97,LA,TRUE
Claiborne,37.15,46.64,LA,TRUE
Concordia,35.23,46.82,LA,TRUE
De Soto,33.06,51.46,LA,TRUE
East Baton Rouge,48.64,41.17,LA,FALSE
East Carroll,33.84,54.37,LA,TRUE
East Feliciana,35.63,51.84,LA,TRUE
Evangeline,31.43,52.3,LA,TRUE
Franklin,40.29,42.75,LA,TRUE
Grant,40.8,39.63,LA,FALSE
Iberia,38.99,42.71,LA,TRUE
Iberville,33.42,52.7,LA,TRUE
Jackson,40.6,44.54,LA,TRUE
Jefferson,53.73,34.38,LA,FALSE
Jefferson Davis,32.61,50.74,LA,TRUE
Lafayette,45.16,39.83,LA,FALSE
Lafourche,35.75,45.4,LA,TRUE
LaSalle,46.05,35.85,LA,FALSE
Lincoln,43.6,43.51,LA,FALSE
Livingston,47.13,36.6,LA,FALSE
Madison,33.33,54.31,LA,TRUE
Morehouse,39.84,44.66,LA,TRUE
Natchitoches,38.53,47.19,LA,TRUE
Orleans,26.36,67.53,LA,TRUE
Ouachita,48.85,36.87,LA,FALSE
Plaquemines,44.58,39.68,LA,FALSE
Pointe Coupee,31.47,57.52,LA,TRUE
Rapides,43.91,40.23,LA,FALSE
Red River,35.24,50.43,LA,TRUE
Richland,42.77,41.63,LA,FALSE
Sabine,38.36,44.64,LA,TRUE
Saint Bernard,48.97,37.36,LA,FALSE
Saint Charles,43.87,42.2,LA,FALSE
Saint Helena,26.97,60.8,LA,TRUE
Saint James,29.85,59.08,LA,TRUE
Saint John the Baptist,37.7,50.29,LA,TRUE
Saint Landry,32.27,55.37,LA,TRUE
Saint Martin,28.93,55.09,LA,TRUE
Saint Mary,37.51,45.43,LA,TRUE
Saint Tammany,56.54,29.49,LA,FALSE
Tangipahoa,41.26,44.37,LA,TRUE
Tensas,35.3,51.01,LA,TRUE
Terrebonne,42.3,38.44,LA,FALSE
Union,44.04,39.78,LA,FALSE
Vermilion,30.12,52.57,LA,TRUE
Vernon,40.04,40.66,LA,TRUE
Washington,38.54,48.5,LA,TRUE
Webster,36.36,45.88,LA,TRUE
West Baton Rouge,35.3,51.43,LA,TRUE
West Carroll,40.66,40.39,LA,FALSE
West Feliciana,34.32,53.22,LA,TRUE
Winn,38.84,46.85,LA,TRUE
Androscoggin,25.7,40.34,ME,TRUE
Aroostook,32.16,40.64,ME,TRUE
Cumberland,32.33,42.95,ME,TRUE
Franklin,27.89,40.79,ME,TRUE
Hancock,30.05,35.15,ME,TRUE
Kennebec,26.81,39.31,ME,TRUE
Knox,31.03,37.52,ME,TRUE
Lincoln,33.65,35.27,ME,TRUE
Oxford,27.91,38.16,ME,TRUE
Penobscot,30.11,36.65,ME,TRUE
Piscataquis,29.61,33.13,ME,TRUE
Sagadahoc,31.96,36.88,ME,TRUE
Somerset,25.66,35.1,ME,TRUE
Waldo,28.29,34.93,ME,TRUE
Washington,30.92,35.37,ME,TRUE
York,34.09,37.55,ME,TRUE
Allegany,45.31,37.59,MD,FALSE
Anne Arundel,43.89,36.97,MD,FALSE
Baltimore County,39.21,44.4,MD,TRUE
Baltimore City,16.62,75.79,MD,TRUE
Calvert,43.12,37.07,MD,FALSE
Caroline,45.58,33.36,MD,FALSE
Carroll,51.71,28.12,MD,FALSE
Cecil,39.47,37.45,MD,FALSE
Charles,44.97,37.7,MD,FALSE
Dorchester,45.03,35.89,MD,FALSE
Frederick,48.37,33.77,MD,FALSE
Garrett,54.01,26.99,MD,FALSE
Harford,45.05,33.67,MD,FALSE
Howard,38.67,44.85,MD,TRUE
Kent,40.56,40.55,MD,FALSE
Montgomery,33.01,55.09,MD,TRUE
Prince George's,24.51,65.67,MD,TRUE
Queen Anne's,47.05,32.16,MD,FALSE
Somerset,43.47,40.45,MD,FALSE
St. Mary's,45.78,35.6,MD,FALSE
Talbot,49.42,33.86,MD,FALSE
Washington,47.56,35.7,MD,FALSE
Wicomico,44.79,37.93,MD,FALSE
Worcester,43.7,36.48,MD,FALSE
Alcona,38.88,41.24,MI,TRUE
Alger,32.19,46.91,MI,TRUE
Allegan,46.72,31.4,MI,FALSE
Alpena,32.37,45.75,MI,TRUE
Antrim,39.88,34.34,MI,FALSE
Arenac,32.33,45.02,MI,TRUE
Baraga,31.96,46.69,MI,TRUE
Barry,38.57,35.17,MI,FALSE
Bay,30.14,48.74,MI,TRUE
Benzie,35.58,39.62,MI,TRUE
Berrien,42.02,37.12,MI,FALSE
Branch,36.02,35.26,MI,FALSE
Calhoun,33.71,43.51,MI,TRUE
Cass,36.44,39.67,MI,TRUE
Charlevoix,34.85,35.25,MI,TRUE
Cheboygan,35.57,41.04,MI,TRUE
Chippewa,40.02,39.82,MI,FALSE
Clare,32.2,43.95,MI,TRUE
Clinton,40.27,33.34,MI,FALSE
Crawford,37.01,38.01,MI,TRUE
Delta,33.55,46.69,MI,TRUE
Dickinson,32.79,43.66,MI,TRUE
Eaton,38.99,34.99,MI,FALSE
Emmet,40.15,32.08,MI,FALSE
Genesee,23.92,52.58,MI,TRUE
Gladwin,33.56,41.36,MI,TRUE
Gogebic,30.76,51.95,MI,TRUE
Grand Traverse,39.55,32.35,MI,FALSE
Gratiot,39.55,35.76,MI,FALSE
Hillsdale,42.36,29.31,MI,FALSE
Houghton,36.74,43.22,MI,TRUE
Huron,39.03,36.21,MI,FALSE
Ingham,32.83,46.04,MI,TRUE
Ionia,38.35,35.14,MI,FALSE
Iosco,36.41,39.79,MI,TRUE
Iron,28.16,52.11,MI,TRUE
Isabella,34.97,39.86,MI,TRUE
Jackson,39.33,36.64,MI,FALSE
Kalamazoo,36.62,41.95,MI,TRUE
Kalkaska,33.82,35.75,MI,TRUE
Kent,47.53,33.93,MI,FALSE
Keweenaw,32.23,49.62,MI,TRUE
Lake,26.26,51.72,MI,TRUE
Lapeer,35.13,34.15,MI,FALSE
Leelanau,39.2,33.82,MI,FALSE
Lenawee,36.32,39.12,MI,TRUE
Livingston,44.61,28.92,MI,FALSE
Luce,36.8,37.34,MI,TRUE
Mackinac,38.11,38.36,MI,TRUE
Macomb,42.32,37.43,MI,FALSE
Manistee,29.96,44.57,MI,TRUE
Marquette,30.56,50.71,MI,TRUE
Mason,39,36.91,MI,FALSE
Mecosta,38.19,38.5,MI,TRUE
Menominee,36.05,41.14,MI,TRUE
Midland,41.81,34.65,MI,FALSE
Missaukee,46.7,31.25,MI,FALSE
Monroe,34.3,42.28,MI,TRUE
Montcalm,36.96,38.32,MI,TRUE
Montmorency,37.45,39.72,MI,TRUE
Muskegon,33.04,45.19,MI,TRUE
Newaygo,40.93,36.03,MI,FALSE
Oakland,43.57,38.64,MI,FALSE
Oceana,37.36,36.43,MI,FALSE
Ogemaw,32.17,44.01,MI,TRUE
Ontonagon,30.83,51.65,MI,TRUE
Osceola,38.46,37.64,MI,FALSE
Oscoda,41.32,38.4,MI,FALSE
Otsego,36.85,33.99,MI,FALSE
Ottawa,59.1,23.05,MI,FALSE
Presque Isle,32.65,45.04,MI,TRUE
Roscommon,34.73,43.67,MI,TRUE
Saginaw,33.13,45.22,MI,TRUE
Sanilac,42.07,31.28,MI,FALSE
Schoolcraft,30.35,51.8,MI,TRUE
Shiawassee,33.78,39.03,MI,TRUE
St. Clair,36.67,34.99,MI,FALSE
St. Joseph,41.03,32.61,MI,FALSE
Tuscola,35.01,37.05,MI,TRUE
Van Buren,34.25,41.23,MI,TRUE
Washtenaw,30.11,53.34,MI,TRUE
Wayne,26.96,60.39,MI,TRUE
Wexford,37.34,38.92,MI,TRUE
Aitkin,28.46,44.98,MN,TRUE
Anoka,30.35,42.01,MN,TRUE
Becker,39.63,36.18,MN,FALSE
Beltrami,32.55,45.1,MN,TRUE
Benton,35.16,35.88,MN,TRUE
Big Stone,30.76,47.08,MN,TRUE
Blue Earth,31.65,41.41,MN,TRUE
Brown,39.57,31.41,MN,FALSE
Carlton,26.6,52.46,MN,TRUE
Carver,38.34,31.38,MN,FALSE
Cass,35.06,40.18,MN,TRUE
Chippewa,32.39,44.26,MN,TRUE
Chisago,28.11,41.34,MN,TRUE
Clay,41.17,41.93,MN,TRUE
Clearwater,34.99,42.23,MN,TRUE
Cook,33.54,38.39,MN,TRUE
Cottonwood,37.3,35.81,MN,FALSE
Crow Wing,37.13,36.25,MN,FALSE
Dakota,33.3,40.53,MN,TRUE
Dodge,38.25,32.87,MN,FALSE
Douglas,40.08,33.12,MN,FALSE
Faribault,37.6,36.51,MN,FALSE
Fillmore,33.62,37.31,MN,TRUE
Freeborn,28.57,43.56,MN,TRUE
Goodhue,34.45,37.25,MN,TRUE
Grant,32.76,42.58,MN,TRUE
Hennepin,30.61,47.5,MN,TRUE
Houston,36.87,35.82,MN,FALSE
Hubbard,37.57,39.14,MN,TRUE
Isanti,29.84,40.3,MN,TRUE
Itasca,28.56,46.17,MN,TRUE
Jackson,29.17,39.68,MN,TRUE
Kanabec,29.83,40.27,MN,TRUE
Kandiyohi,34.51,40.26,MN,TRUE
Kittson,36.8,43.8,MN,TRUE
Koochiching,26.18,46.54,MN,TRUE
Lac Qui Parle,28.88,47.14,MN,TRUE
Lake,23.05,53.72,MN,TRUE
Lake of the Woods,34.67,36.12,MN,TRUE
Le Sueur,32.27,39,MN,TRUE
Lincoln,29.81,42.77,MN,TRUE
Lyon,37.25,36.36,MN,FALSE
Mahnomen,35.75,43.32,MN,TRUE
Marshall,36.81,39.79,MN,TRUE
Martin,38.23,34.62,MN,FALSE
McLeod,35.33,32.05,MN,FALSE
Meeker,33.18,36.63,MN,TRUE
Mille Lacs,30.74,39.85,MN,TRUE
Morrison,34.88,38.69,MN,TRUE
Mower,25.47,49.16,MN,TRUE
Murray,30.87,38.23,MN,TRUE
Nicollet,33.85,40.26,MN,TRUE
Nobles,35.73,37.82,MN,TRUE
Norman,37.39,43.29,MN,TRUE
Olmsted,41.3,33.6,MN,FALSE
Otter Tail,41.52,34.41,MN,FALSE
Pennington,33.89,40.54,MN,TRUE
Pine,26.27,45.58,MN,TRUE
Pipestone,37.78,34.29,MN,FALSE
Polk,38.95,39.17,MN,TRUE
Pope,31.59,43.87,MN,TRUE
Ramsey,27.08,51.97,MN,TRUE
Red Lake,31.39,46.34,MN,TRUE
Redwood,38.24,30.74,MN,FALSE
Renville,31.97,38.27,MN,TRUE
Rice,29.09,45.24,MN,TRUE
Rock,38.68,37.58,MN,FALSE
Roseau,38.31,32.27,MN,FALSE
Saint Louis,22.59,56.81,MN,TRUE
Scott,33.95,34.84,MN,TRUE
Sherburne,33.6,35.91,MN,TRUE
Sibley,32.22,33.7,MN,TRUE
Stearns,37.92,36.15,MN,FALSE
Steele,37.77,32.63,MN,FALSE
Stevens,38.33,42.4,MN,TRUE
Swift,26.76,49.74,MN,TRUE
Todd,35.93,36.55,MN,TRUE
Traverse,33.86,42.39,MN,TRUE
Wabasha,33.25,36.57,MN,TRUE
Wadena,38.95,36.57,MN,FALSE
Waseca,34.62,34.93,MN,TRUE
Washington,31.07,41.9,MN,TRUE
Watonwan,33.54,37.65,MN,TRUE
Wilkin,46.32,31.97,MN,FALSE
Winona,35.02,39.59,MN,TRUE
Wright,33.13,35.45,MN,TRUE
Yellow Medicine,30.83,41.87,MN,TRUE
Adair,38.92,39.77,MO,TRUE
Andrew,35.41,35.72,MO,TRUE
Atchison,35.64,37.76,MO,TRUE
Audrain,35.65,44.41,MO,TRUE
Barry,43.62,37.56,MO,FALSE
Barton,53.43,27.59,MO,FALSE
Bates,32.33,38.72,MO,TRUE
Benton,34.51,43.91,MO,TRUE
Bollinger,42.68,40.09,MO,FALSE
Boone,33.52,45.22,MO,TRUE
Buchanan,30.18,44.35,MO,TRUE
Butler,42.23,43.23,MO,TRUE
Caldwell,31.94,35.91,MO,TRUE
Callaway,34.9,41.48,MO,TRUE
Camden,37.97,35.14,MO,FALSE
Cape Girardeau,47.48,33.87,MO,FALSE
Carroll,32.99,39.05,MO,TRUE
Carter,40.99,43.52,MO,TRUE
Cass,34.61,34.26,MO,FALSE
Cedar,39.05,38.66,MO,FALSE
Chariton,29.95,46.53,MO,TRUE
Christian,43.29,36.41,MO,FALSE
Clark,28.99,50.64,MO,TRUE
Clay,31.4,40.33,MO,TRUE
Clinton,29.06,41.32,MO,TRUE
Cole,48.78,32.59,MO,FALSE
Cooper,39.07,36.91,MO,FALSE
Crawford,33.76,41.92,MO,TRUE
Dade,42.04,35.51,MO,FALSE
Dallas,34.97,41.86,MO,TRUE
Daviess,29.66,39.58,MO,TRUE
DeKalb,31.6,39.08,MO,TRUE
Dent,36.16,45.75,MO,TRUE
Douglas,44.35,36.71,MO,FALSE
Dunklin,35.06,54.68,MO,TRUE
Franklin,31.82,37.24,MO,TRUE
Gasconade,42.47,30.82,MO,FALSE
Gentry,34.16,40.79,MO,TRUE
Greene,43.95,38.91,MO,FALSE
Grundy,34.26,38.55,MO,TRUE
Harrison,37.02,37.66,MO,TRUE
Henry,27.53,43.45,MO,TRUE
Hickory,31.03,47.54,MO,TRUE
Holt,39.49,34.49,MO,FALSE
Howard,28.2,46.93,MO,TRUE
Howell,39.6,40.57,MO,TRUE
Iron,27.54,54.1,MO,TRUE
Jackson,26.96,50.06,MO,TRUE
Jasper,49.04,32.69,MO,FALSE
Jefferson,28.08,44.31,MO,TRUE
Johnson,33.1,36.48,MO,TRUE
Knox,32.01,44.65,MO,TRUE
Laclede,42.35,34.19,MO,FALSE
Lafayette,34.54,38.71,MO,TRUE
Lawrence,43.5,36.2,MO,FALSE
Lewis,32.03,48.14,MO,TRUE
Lincoln,29.13,42.72,MO,TRUE
Linn,30.56,45.31,MO,TRUE
Livingston,34.53,36.5,MO,TRUE
Macon,31.49,44.58,MO,TRUE
Madison,32.92,49.21,MO,TRUE
Maries,33.77,43.14,MO,TRUE
Marion,40.41,43.76,MO,TRUE
McDonald,43.78,33.18,MO,FALSE
Mercer,33.86,45.59,MO,TRUE
Miller,44.01,30.62,MO,FALSE
Mississippi,29.45,56.73,MO,TRUE
Moniteau,42.15,33.15,MO,FALSE
Monroe,27.54,49.2,MO,TRUE
Montgomery,37.11,38.79,MO,TRUE
Morgan,36.28,37.4,MO,TRUE
New Madrid,29.33,58.91,MO,TRUE
Newton,47.64,32.4,MO,FALSE
Nodaway,33.52,39.66,MO,TRUE
Oregon,33.1,53.31,MO,TRUE
Osage,45.84,30.63,MO,FALSE
Ozark,41.49,37.02,MO,FALSE
Pemiscot,31.93,57.98,MO,TRUE
Perry,44.19,34.82,MO,FALSE
Pettis,41.43,32.26,MO,FALSE
Phelps,36.08,40.93,MO,TRUE
Pike,30.74,49.2,MO,TRUE
Platte,31.82,37.04,MO,TRUE
Polk,39.94,38.22,MO,FALSE
Pulaski,37.98,41.18,MO,TRUE
Putnam,45.67,33.48,MO,FALSE
Ralls,30.71,49.12,MO,TRUE
Randolph,29.63,48.49,MO,TRUE
Ray,26.64,46.33,MO,TRUE
Reynolds,23.34,60.57,MO,TRUE
Ripley,37.33,47.33,MO,TRUE
St. Charles,36.29,34.97,MO,FALSE
St. Clair,33.72,42.62,MO,TRUE
St. Francois,31.08,49.44,MO,TRUE
St. Louis,35.21,44.09,MO,TRUE
St. Louis City,17.26,69.44,MO,TRUE
Ste. Genevieve,24.94,53.17,MO,TRUE
Saline,26.44,45.67,MO,TRUE
Schuyler,34.19,43.13,MO,TRUE
Scotland,32,42.9,MO,TRUE
Scott,37.95,45.14,MO,TRUE
Shannon,30.97,54.02,MO,TRUE
Shelby,34.44,42.28,MO,TRUE
Stoddard,37.44,46.47,MO,TRUE
Stone,43.88,35.41,MO,FALSE
Sullivan,38.59,43.95,MO,TRUE
Taney,46.05,35.46,MO,FALSE
Texas,34.7,45.97,MO,TRUE
Vernon,34.34,42.71,MO,TRUE
Warren,34.1,37.11,MO,TRUE
Washington,26.93,52.57,MO,TRUE
Wayne,34.91,51.05,MO,TRUE
Webster,40.99,38.99,MO,FALSE
Worth,34.18,42.39,MO,TRUE
Wright,44.6,36.62,MO,FALSE
Churchill,49.45,23.1,NV,FALSE
Clark,32.17,41.15,NV,TRUE
Douglas,40.82,25.94,NV,FALSE
Elko,43.67,23.33,NV,FALSE
Esmeralda,37.84,20.21,NV,FALSE
Eureka,47.83,18.7,NV,FALSE
Humboldt,42.72,22.99,NV,FALSE
Lander,44.43,21.23,NV,FALSE
Lincoln,47.93,27.52,NV,FALSE
Lyon,38.12,30.17,NV,FALSE
Mineral,34.76,34.42,NV,FALSE
Nye,34.19,31.92,NV,FALSE
Pershing,41.06,29.82,NV,FALSE
Storey,30.15,32.13,NV,TRUE
Washoe,37.18,34.45,NV,FALSE
White Pine,32.33,36.3,NV,TRUE
Carson City,38.83,32.1,NV,FALSE
Belknap,42.16,33.5,NH,FALSE
Carroll,40.16,33.44,NH,FALSE
Cheshire,34,46.33,NH,TRUE
Cos,33.35,41.5,NH,TRUE
Grafton,37.01,42.34,NH,TRUE
Hillsborough,39.04,37.04,NH,FALSE
Merrimack,37.59,41.54,NH,TRUE
Rockingham,38.25,35.8,NH,FALSE
Strafford,33.72,44.69,NH,TRUE
Sullivan,35.5,44.5,NH,TRUE
Atlantic,37.96,43.89,NJ,TRUE
Bergen,44.21,42.44,NJ,FALSE
Burlington,36.75,42.02,NJ,TRUE
Camden,31.87,49.75,NJ,TRUE
Cape May,44.01,35.46,NJ,FALSE
Cumberland,36.94,42.64,NJ,TRUE
Essex,32.2,57.12,NJ,TRUE
Gloucester,35.69,40.55,NJ,TRUE
Hudson,35.94,53.93,NJ,TRUE
Hunterdon,46.56,28.57,NJ,FALSE
Mercer,34.75,49.14,NJ,TRUE
Middlesex,38.1,45.16,NJ,TRUE
Monmouth,44.23,38.24,NJ,FALSE
Morris,51.82,32.31,NJ,FALSE
Ocean,44.39,34.88,NJ,FALSE
Passaic,43.15,42.47,NJ,FALSE
Salem,37.1,36.02,NJ,FALSE
Somerset,46.39,35.48,NJ,FALSE
Sussex,51.71,25.89,NJ,FALSE
Union,41.76,46.01,NJ,TRUE
Warren,44.5,31.33,NJ,FALSE
Albany,31.83,51.9,NY,TRUE
Allegany,47.95,25.9,NY,FALSE
Bronx,20.73,73.67,NY,TRUE
Broome,34.71,43.51,NY,TRUE
Cattaraugus,39.74,28.92,NY,FALSE
Cayuga,33.82,36.69,NY,TRUE
Chautauqua,33.8,36.07,NY,TRUE
Chemung,41.11,38.58,NY,FALSE
Chenango,37.24,36.8,NY,FALSE
Clinton,42.06,40.27,NY,FALSE
Columbia,39.81,39.12,NY,FALSE
Cortland,37.32,37.48,NY,TRUE
Delaware,43.01,34.84,NY,FALSE
Dutchess,40.5,36.12,NY,FALSE
Erie,28.67,43.46,NY,TRUE
Essex,43.63,35.4,NY,FALSE
Franklin,36.13,41.68,NY,TRUE
Fulton,40,36.77,NY,FALSE
Genesee,44.47,30.78,NY,FALSE
Greene,44.31,32.67,NY,FALSE
Hamilton,53.39,25.23,NY,FALSE
Herkimer,40.26,36.34,NY,FALSE
Jefferson,38.01,35.75,NY,FALSE
Kings,22.93,70.7,NY,TRUE
Lewis,37.17,33.32,NY,FALSE
Livingston,45.21,32.25,NY,FALSE
Madison,38.9,34.78,NY,FALSE
Monroe,39.38,41.57,NY,TRUE
Montgomery,37.55,40.56,NY,TRUE
Nassau,40.52,46.38,NY,TRUE
New York,15.89,78.27,NY,TRUE
Niagara,31.48,36.91,NY,TRUE
Oneida,40.43,37.81,NY,FALSE
Onondaga,36.13,42.18,NY,TRUE
Ontario,42.32,35.79,NY,FALSE
Orange,43.66,37.5,NY,FALSE
Orleans,44.57,29.41,NY,FALSE
Oswego,36.38,33.36,NY,FALSE
Otsego,38.12,39.36,NY,TRUE
Putnam,45.89,34.05,NY,FALSE
Queens,28.34,62.87,NY,TRUE
Rensselaer,38.8,39.95,NY,TRUE
Richmond,47.85,38.51,NY,FALSE
Rockland,40.72,46.59,NY,TRUE
St. Lawrence,32.85,43,NY,TRUE
Saratoga,41.1,36.76,NY,FALSE
Schenectady,35.55,43.77,NY,TRUE
Schoharie,40.14,35.32,NY,FALSE
Schuyler,39.35,34.87,NY,FALSE
Seneca,36.28,38.8,NY,TRUE
Steuben,47.72,29.08,NY,FALSE
Suffolk,40.4,38.88,NY,FALSE
Sullivan,36.02,43.36,NY,TRUE
Tioga,40.26,33.78,NY,FALSE
Tompkins,27.65,55.68,NY,TRUE
Ulster,36.16,40.69,NY,TRUE
Warren,42.62,34.14,NY,FALSE
Washington,41,33.53,NY,FALSE
Wayne,45.84,30.19,NY,FALSE
Westchester,40.12,48.65,NY,TRUE
Wyoming,44.73,24.7,NY,FALSE
Yates,43.26,32.12,NY,FALSE
Adams,43.89,37.16,OH,FALSE
Allen,53.48,29.1,OH,FALSE
Ashland,47.3,28.7,OH,FALSE
Ashtabula,30.8,43.79,OH,TRUE
Athens,27.85,52.04,OH,TRUE
Auglaize,51.49,24.43,OH,FALSE
Belmont,25.77,55.44,OH,TRUE
Brown,38.93,36.48,OH,FALSE
Butler,48.34,30.27,OH,FALSE
Carroll,33.89,37.96,OH,TRUE
Champaign,43.1,32,OH,FALSE
Clark,37.79,42.01,OH,TRUE
Clermont,49.99,27.37,OH,FALSE
Clinton,47.37,30.13,OH,FALSE
Columbiana,31.58,41.56,OH,TRUE
Coshocton,35.27,38.41,OH,TRUE
Crawford,41.36,30.48,OH,FALSE
Cuyahoga,29.24,52.72,OH,TRUE
Darke,45.44,28.72,OH,FALSE
Defiance,41.8,33.32,OH,FALSE
Delaware,49.43,25.12,OH,FALSE
Erie,34.77,40.56,OH,TRUE
Fairfield,47.5,28.06,OH,FALSE
Fayette,48.74,29.51,OH,FALSE
Franklin,41.89,39.72,OH,FALSE
Fulton,44.45,29.65,OH,FALSE
Gallia,42.04,38.94,OH,FALSE
Geauga,44.92,28.3,OH,FALSE
Greene,46.47,33.85,OH,FALSE
Guernsey,35.17,39.32,OH,TRUE
Hamilton,47.7,36.79,OH,FALSE
Hancock,52.63,24.85,OH,FALSE
Hardin,44.28,33.02,OH,FALSE
Harrison,29.24,48.93,OH,TRUE
Henry,46.38,29.44,OH,FALSE
Highland,46.06,31.92,OH,FALSE
Hocking,35.57,37.21,OH,TRUE
Holmes,56.08,21.74,OH,FALSE
Huron,38.74,32.41,OH,FALSE
Jackson,42.09,38.94,OH,FALSE
Jefferson,27.74,54.07,OH,TRUE
Knox,41.59,33.38,OH,FALSE
Lake,38.46,35.55,OH,FALSE
Lawrence,37.17,45.61,OH,TRUE
Licking,44.54,31.27,OH,FALSE
Logan,49.84,26.02,OH,FALSE
Lorain,31.03,42.97,OH,TRUE
Lucas,31.18,49.25,OH,TRUE
Madison,48.79,28.41,OH,FALSE
Mahoning,24.82,51.52,OH,TRUE
Marion,42.13,34.08,OH,FALSE
Medina,39.75,31.34,OH,FALSE
Meigs,38.07,41.08,OH,TRUE
Mercer,46.82,26.33,OH,FALSE
Miami,45.9,29.17,OH,FALSE
Monroe,24.02,55.79,OH,TRUE
Montgomery,40.02,41.27,OH,TRUE
Morgan,40.54,35.81,OH,FALSE
Morrow,40.72,30.54,OH,FALSE
Muskingum,40.81,33.61,OH,FALSE
Noble,37.79,37.41,OH,FALSE
Ottawa,34.26,41.06,OH,TRUE
Paulding,38.4,34.63,OH,FALSE
Perry,34.78,36.7,OH,TRUE
Pickaway,45.91,30.45,OH,FALSE
Pike,35.93,44.39,OH,TRUE
Portage,29.69,42.37,OH,TRUE
Preble,44.33,30.71,OH,FALSE
Putnam,54.92,23.3,OH,FALSE
Richland,41.5,34.58,OH,FALSE
Ross,39.84,38.46,OH,FALSE
Sandusky,39.21,35.96,OH,FALSE
Scioto,35.48,43.76,OH,TRUE
Seneca,37.33,35.49,OH,FALSE
Shelby,44.25,26.3,OH,FALSE
Stark,35.33,40.02,OH,TRUE
Summit,32.1,44.67,OH,TRUE
Trumbull,24.01,50.73,OH,TRUE
Tuscarawas,35.72,40.08,OH,TRUE
Union,52.91,23.45,OH,FALSE
Van Wert,50.83,26.88,OH,FALSE
Vinton,36.83,43.04,OH,TRUE
Warren,53.02,25.65,OH,FALSE
Washington,43.47,36.98,OH,FALSE
Wayne,43.71,33.24,OH,FALSE
Williams,43.6,27.84,OH,FALSE
Wood,38.68,39.01,OH,TRUE
Wyandot,42.24,29.02,OH,FALSE
Baker,38.01,31.81,OR,FALSE
Benton,30.46,47.37,OR,TRUE
Clackamas,34.76,39.03,OR,TRUE
Clatsop,27.86,45.8,OR,TRUE
Columbia,26.94,42.77,OR,TRUE
Coos,31.3,40.7,OR,TRUE
Crook,37.18,34.49,OR,FALSE
Curry,34.47,34.76,OR,TRUE
Deschutes,35.65,35.73,OR,TRUE
Douglas,41.45,30.83,OR,FALSE
Gilliam,36.32,36.03,OR,FALSE
Grant,37.53,28.47,OR,FALSE
Harney,40.04,28.86,OR,FALSE
Hood River,31.28,39.61,OR,TRUE
Jackson,37.23,37.8,OR,TRUE
Jefferson,33.22,36.59,OR,TRUE
Josephine,38.75,32.8,OR,FALSE
Klamath,44.61,29.77,OR,FALSE
Lake,47.11,26.8,OR,FALSE
Lane,27.52,48.78,OR,TRUE
Lincoln,26.43,44.41,OR,TRUE
Linn,36.35,34,OR,FALSE
Malheur,50.4,23.81,OR,FALSE
Marion,38.2,37.28,OR,FALSE
Morrow,34.17,33.79,OR,FALSE
Multnomah,24.25,55.34,OR,TRUE
Polk,39.36,37.29,OR,FALSE
Sherman,37.99,32.44,OR,FALSE
Tillamook,29.25,43.89,OR,TRUE
Umatilla,36.12,34.55,OR,FALSE
Union,36.44,34.43,OR,FALSE
Wallowa,40.01,29.53,OR,FALSE
Wasco,29.55,42.5,OR,TRUE
Washington,34.18,40.39,OR,TRUE
Wheeler,41.51,31.05,OR,FALSE
Yamhill,37.23,35.5,OR,FALSE
Adams,45.94,32.46,PA,FALSE
Allegheny,29.8,52.75,PA,TRUE
Armstrong,32.2,45.87,PA,TRUE
Beaver,25.94,54.5,PA,TRUE
Bedford,48.98,31.04,PA,FALSE
Berks,40.29,35.03,PA,FALSE
Blair,47.92,33.19,PA,FALSE
Bradford,45.17,30.51,PA,FALSE
Bucks,38.06,39.4,PA,TRUE
Butler,38.7,36.48,PA,FALSE
Cambria,31.3,51.75,PA,TRUE
Cameron,43.8,30.77,PA,FALSE
Carbon,33.44,41.89,PA,TRUE
Centre,39.98,41.34,PA,TRUE
Chester,43.73,35.25,PA,FALSE
Clarion,41.21,35.53,PA,FALSE
Clearfield,37.45,39.7,PA,TRUE
Clinton,35.57,42.94,PA,TRUE
Columbia,41.04,34.8,PA,FALSE
Crawford,40.75,37,PA,FALSE
Cumberland,51.37,31.49,PA,FALSE
Dauphin,45.98,37.4,PA,FALSE
Delaware,40.81,41.8,PA,TRUE
Elk,35.48,36.26,PA,TRUE
Erie,33.35,47.86,PA,TRUE
Fayette,23.8,56.77,PA,TRUE
Forest,37.36,41.51,PA,TRUE
Franklin,53.35,30.66,PA,FALSE
Fulton,50.93,31.61,PA,FALSE
Greene,23.01,55.75,PA,TRUE
Huntingdon,46.17,32.82,PA,FALSE
Indiana,32.92,45.61,PA,TRUE
Jefferson,41.05,33.87,PA,FALSE
Juniata,47.27,30.89,PA,FALSE
Lackawanna,35.22,47.44,PA,TRUE
Lancaster,55.22,27.63,PA,FALSE
Lawrence,30,50.55,PA,TRUE
Lebanon,50,28.71,PA,FALSE
Lehigh,37.12,40.68,PA,TRUE
Luzerne,38.76,44.53,PA,TRUE
Lycoming,47.57,30.84,PA,FALSE
McKean,42.47,32.51,PA,FALSE
Mercer,32.27,46.68,PA,TRUE
Mifflin,42.89,33.67,PA,FALSE
Monroe,38.82,35.91,PA,FALSE
Montgomery,39.46,42.87,PA,TRUE
Montour,46.58,32.35,PA,FALSE
Northampton,35.3,43.27,PA,TRUE
Northumberland,42.07,35.8,PA,FALSE
Perry,51.35,26.66,PA,FALSE
Philadelphia,20.9,68.16,PA,TRUE
Pike,44.73,32.21,PA,FALSE
Potter,49.01,26.86,PA,FALSE
Schuylkill,40.9,37.57,PA,FALSE
Snyder,55.05,23.44,PA,FALSE
Somerset,42.3,38.14,PA,FALSE
Sullivan,43.05,33.09,PA,FALSE
Susquehanna,44.02,32.13,PA,FALSE
Tioga,47.29,29.43,PA,FALSE
Union,51.87,29.54,PA,FALSE
Venango,39.64,38.18,PA,FALSE
Warren,35.74,37.84,PA,TRUE
Washington,26.05,54.7,PA,TRUE
Wayne,48.65,28.64,PA,FALSE
Westmoreland,30.63,45.2,PA,TRUE
Wyoming,47.4,29.11,PA,FALSE
York,44.79,34.35,PA,FALSE
Anderson,41.38,47.12,TN,TRUE
Bedford,33.59,52.34,TN,TRUE
Benton,26.58,63.72,TN,TRUE
Bledsoe,44.2,46.89,TN,TRUE
Blount,48.91,38.92,TN,FALSE
Bradley,55.66,33.3,TN,FALSE
Campbell,37.87,52.25,TN,TRUE
Cannon,28.38,59.87,TN,TRUE
Carroll,41.04,48.66,TN,TRUE
Carter,55.82,33.88,TN,FALSE
Cheatham,35.72,49.21,TN,TRUE
Chester,50.64,41.4,TN,FALSE
Claiborne,42.86,47.54,TN,TRUE
Clay,33.23,59.58,TN,TRUE
Cocke,52.98,34.95,TN,FALSE
Coffee,35.48,50.07,TN,TRUE
Crockett,40.69,49.6,TN,TRUE
Cumberland,45.06,40.48,TN,FALSE
Davidson,37.57,52.18,TN,TRUE
Decatur,35.76,56.49,TN,TRUE
DeKalb,25.5,65.19,TN,TRUE
Dickson,31.58,55.79,TN,TRUE
Dyer,44.33,45.71,TN,TRUE
Fayette,43.13,48.91,TN,TRUE
Fentress,41.52,47.4,TN,TRUE
Franklin,31.79,54.83,TN,TRUE
Gibson,39.06,52.12,TN,TRUE
Giles,28.9,57.26,TN,TRUE
Grainger,49.92,40.37,TN,FALSE
Greene,47.48,37.64,TN,FALSE
Grundy,22.89,68.33,TN,TRUE
Hamblen,49.84,39.85,TN,FALSE
Hamilton,46.47,40.64,TN,FALSE
Hancock,52.02,40.83,TN,FALSE
Hardeman,36.19,56.01,TN,TRUE
Hardin,45.1,45.65,TN,TRUE
Hawkins,47.64,40.67,TN,FALSE
Haywood,39.49,55.07,TN,TRUE
Henderson,52.29,38.81,TN,FALSE
Henry,30.27,56.2,TN,TRUE
Hickman,27.06,60.84,TN,TRUE
Houston,21.96,68.18,TN,TRUE
Humphreys,26.75,63.16,TN,TRUE
Jackson,16.63,75.34,TN,TRUE
Jefferson,50.02,38.34,TN,FALSE
Johnson,56.98,32.02,TN,FALSE
Knox,46.75,41.9,TN,FALSE
Lake,29.49,62.84,TN,TRUE
Lauderdale,36.79,55.94,TN,TRUE
Lawrence,40.45,49.16,TN,TRUE
Lewis,29.34,60,TN,TRUE
Lincoln,37.02,49.15,TN,TRUE
Loudon,47.7,40.07,TN,FALSE
Macon,40.15,51.71,TN,TRUE
Madison,47.66,43.69,TN,FALSE
Marion,32.4,55.51,TN,TRUE
Marshall,31.07,55.46,TN,TRUE
Maury,36.37,48.86,TN,TRUE
McMinn,46.61,41.79,TN,FALSE
McNairy,42.66,48.89,TN,TRUE
Meigs,38.89,48.02,TN,TRUE
Monroe,48.55,43.38,TN,FALSE
Montgomery,41.51,46.29,TN,TRUE
Moore,30.82,53.66,TN,TRUE
Morgan,37.29,51.58,TN,TRUE
Obion,37.41,50.51,TN,TRUE
Overton,24.91,67.49,TN,TRUE
Perry,24.25,64.71,TN,TRUE
Pickett,46.2,48.31,TN,TRUE
Polk,34.36,56.03,TN,TRUE
Putnam,37.23,50.54,TN,TRUE
Rhea,46.97,41.45,TN,FALSE
Roane,41.52,46.73,TN,TRUE
Robertson,33.41,53.86,TN,TRUE
Rutherford,40.04,44.73,TN,TRUE
Scott,46.91,42.54,TN,FALSE
Sequatchie,38.8,49.28,TN,TRUE
Sevier,55.08,31.6,TN,FALSE
Shelby,41.88,52.26,TN,TRUE
Smith,21.04,71.85,TN,TRUE
Stewart,24.2,64.28,TN,TRUE
Sullivan,50.55,36.74,TN,FALSE
Sumner,41.3,46.01,TN,TRUE
Tipton,49.26,41.2,TN,FALSE
Trousdale,21.21,69.29,TN,TRUE
Unicoi,51.87,36.84,TN,FALSE
Union,42.47,46.28,TN,TRUE
Van Buren,26.68,63.89,TN,TRUE
Warren,29.98,58.19,TN,TRUE
Washington,51.31,36.84,TN,FALSE
Wayne,56.11,35.47,TN,FALSE
Weakley,40.44,47.95,TN,TRUE
White,29.94,57.99,TN,TRUE
Williamson,54.77,32.47,TN,FALSE
Wilson,40.33,46.35,TN,TRUE
Addison,29.57,47.53,VT,TRUE
Bennington,32.36,44.89,VT,TRUE
Caledonia,34.99,37.88,VT,TRUE
Chittenden,27.23,50.36,VT,TRUE
Essex,34.65,36.45,VT,TRUE
Franklin,29.25,42.69,VT,TRUE
Grand Isle,29.95,42.73,VT,TRUE
Lamoille,28.95,43.97,VT,TRUE
Orange,31.69,43.06,VT,TRUE
Orleans,31.03,41.01,VT,TRUE
Rutland,35.2,41.19,VT,TRUE
Washington,32.12,45.85,VT,TRUE
Windham,27.16,53.31,VT,TRUE
Windsor,30.95,47.52,VT,TRUE
Adams,45.52,31.6,WA,FALSE
Asotin,31.92,42.64,WA,TRUE
Benton,43.5,31.29,WA,FALSE
Chelan,45.65,33.48,WA,FALSE
Clallam,34.06,37.74,WA,TRUE
Clark,34.64,40.03,WA,TRUE
Columbia,39.76,34.9,WA,FALSE
Cowlitz,28.96,43.59,WA,TRUE
Douglas,44.53,33.77,WA,FALSE
Ferry,30.23,37.66,WA,TRUE
Franklin,41.02,34.22,WA,FALSE
Garfield,46.93,35.81,WA,FALSE
Grant,43.35,33.2,WA,FALSE
Grays Harbor,25.35,46.26,WA,TRUE
Island,35.06,35.17,WA,TRUE
Jefferson,26.79,47.5,WA,TRUE
King,27.36,50.23,WA,TRUE
Kitsap,33.13,38.89,WA,TRUE
Kittitas,32.93,43.86,WA,TRUE
Klickitat,30.44,40.27,WA,TRUE
Lewis,45.33,28.75,WA,FALSE
Lincoln,43.59,33.48,WA,FALSE
Mason,29.43,41.15,WA,TRUE
Okanogan,32.72,38.48,WA,TRUE
Pacific,24.24,49.58,WA,TRUE
Pend Oreille,32.4,38.13,WA,TRUE
Pierce,32.1,42.4,WA,TRUE
San Juan,26.71,47.11,WA,TRUE
Skagit,32.87,39.13,WA,TRUE
Skamania,29.95,40.05,WA,TRUE
Snohomish,30.67,39.32,WA,TRUE
Spokane,35.47,41.11,WA,TRUE
Stevens,38.59,33.54,WA,FALSE
Thurston,30.32,45.28,WA,TRUE
Wahkiakum,27.17,38.75,WA,TRUE
Walla Walla,39.71,36.84,WA,FALSE
Whatcom,37.38,41.8,WA,TRUE
Whitman,36.78,43.69,WA,TRUE
Yakima,44.58,36.27,WA,FALSE
Adams,30.63,43.97,WI,TRUE
Ashland,28.26,50.2,WI,TRUE
Barron,32.49,39.86,WI,TRUE
Bayfield,29.5,47.74,WI,TRUE
Brown,41.24,36.53,WI,FALSE
Buffalo,29.19,43.11,WI,TRUE
Burnett,31.47,42.66,WI,TRUE
Calumet,40.98,30.98,WI,FALSE
Chippewa,32.56,41.57,WI,TRUE
Clark,33.44,37.22,WI,TRUE
Columbia,37.94,38.98,WI,TRUE
Crawford,30.59,45.31,WI,TRUE
Dane,29.49,54.6,WI,TRUE
Dodge,41.93,32.03,WI,FALSE
Door,39.69,34.37,WI,FALSE
Douglas,25.52,55.36,WI,TRUE
Dunn,29,43.72,WI,TRUE
Eau Claire,33.81,45.08,WI,TRUE
Florence,35.6,36.96,WI,TRUE
Fond du Lac,44.45,30.91,WI,FALSE
Forest,31.89,43.59,WI,TRUE
Grant,33.16,38.49,WI,TRUE
Green,34.46,38.55,WI,TRUE
Green Lake,40.85,29.06,WI,FALSE
Iowa,32.39,44.01,WI,TRUE
Iron,32.72,45.28,WI,TRUE
Jackson,31.41,43.73,WI,TRUE
Jefferson,39.85,35.34,WI,FALSE
Juneau,36.85,38,WI,TRUE
Kenosha,32.11,44.21,WI,TRUE
Kewaunee,34.4,39.03,WI,TRUE
La Crosse,36.14,43.69,WI,TRUE
Lafayette,32.85,39.99,WI,TRUE
Langlade,38.74,36.15,WI,FALSE
Lincoln,32.48,39.82,WI,TRUE
Manitowoc,33.94,38.54,WI,TRUE
Marathon,36.51,37.44,WI,TRUE
Marinette,37.85,36.15,WI,FALSE
Marquette,34.55,37.69,WI,TRUE
Menominee,21.03,59.57,WI,TRUE
Milwaukee,32.51,50.6,WI,TRUE
Monroe,36.41,38.24,WI,TRUE
Oconto,35.59,36.7,WI,TRUE
Oneida,35.94,38.26,WI,TRUE
Outagamie,41.65,32.55,WI,FALSE
Ozaukee,53.15,27.68,WI,FALSE
Pepin,30.74,46.84,WI,TRUE
Pierce,28.05,45.3,WI,TRUE
Polk,30.14,42.86,WI,TRUE
Portage,32.37,46.13,WI,TRUE
Price,31.04,41.81,WI,TRUE
Racine,36.79,39.71,WI,TRUE
Richland,36.81,40.49,WI,TRUE
Rock,31.79,45.13,WI,TRUE
Rusk,30.5,42.37,WI,TRUE
Sauk,37.94,38.97,WI,TRUE
Sawyer,36.09,37.96,WI,TRUE
Shawano,40.4,33.77,WI,FALSE
Sheboygan,41.29,37.7,WI,FALSE
St. Croix,31.6,40.04,WI,TRUE
Taylor,36.49,35.31,WI,FALSE
Trempealeau,27.49,47.79,WI,TRUE
Vernon,32.02,44.61,WI,TRUE
Vilas,40.99,33.42,WI,FALSE
Walworth,42.74,32.14,WI,FALSE
Washburn,33.65,40.07,WI,TRUE
Washington,45.41,26.64,WI,FALSE
Waukesha,51.04,28.06,WI,FALSE
Waupaca,44.27,28.78,WI,FALSE
Waushara,39.16,32.94,WI,FALSE
Winnebago,43.56,35.19,WI,FALSE
Wood,37.99,36.25,WI,FALSE
Costilla,20.88,67.31,CO,TRUE
Las Animas,26.47,58.56,CO,TRUE
Denver,25.5,56.13,CO,TRUE
Pitkin,22.57,51.14,CO,TRUE
San Miguel,23.58,51.82,CO,TRUE
Lake,20.7,48.79,CO,TRUE
Pueblo,28.56,53.62,CO,TRUE
Boulder,26.47,50.93,CO,TRUE
Huerfano,29.62,52.92,CO,TRUE
Conejos,33.48,49.21,CO,TRUE
Saguache,31.05,46.5,CO,TRUE
Gilpin,26.26,41.27,CO,TRUE
Adams,29.93,44,CO,TRUE
Summit,26.95,39.95,CO,TRUE
Gunnison,28.86,41.48,CO,TRUE
Routt,28.89,39.06,CO,TRUE
Bent,33.63,43.64,CO,TRUE
Clear Creek,30.4,39.1,CO,TRUE
Alamosa,34.05,41.76,CO,TRUE
Eagle,28.49,35.57,CO,TRUE
San Juan,26.05,32.45,CO,TRUE
Garfield,31.51,36.36,CO,TRUE
Otero,37.53,41.92,CO,TRUE
Mineral,35.41,38.08,CO,TRUE
La Plata,35.37,37.87,CO,TRUE
Larimer,36.12,38.36,CO,TRUE
Jefferson,37.05,36.22,CO,FALSE
Grand,35.85,34.12,CO,FALSE
Chaffee,38.51,36.36,CO,FALSE
Crowley,41.29,39.09,CO,FALSE
Arapahoe,39.26,36.21,CO,FALSE
Weld,38.79,35.71,CO,FALSE
Fremont,39.4,35.4,CO,FALSE
Sedgwick,39.01,34.64,CO,FALSE
Park,35.78,30.57,CO,FALSE
Mesa,41.23,34.41,CO,FALSE
Hinsdale,39.5,31.72,CO,FALSE
Morgan,41.7,33.43,CO,FALSE
Moffat,35.51,27.2,CO,FALSE
Logan,40.98,32.57,CO,FALSE
Rio Grande,42.51,34,CO,FALSE
Dolores,37.23,28.61,CO,FALSE
Delta,41.54,32.63,CO,FALSE
Montrose,41.35,31.67,CO,FALSE
Prowers,44.1,32.92,CO,FALSE
Montezuma,40.9,29.72,CO,FALSE
Ouray,41.25,29.12,CO,FALSE
Archuleta,44.11,29.08,CO,FALSE
Rio Blanco,43.19,27.3,CO,FALSE
Phillips,46.68,30.05,CO,FALSE
Yuma,44.82,28.17,CO,FALSE
Teller,44.11,27.09,CO,FALSE
Kiowa,45.83,28.16,CO,FALSE
Lincoln,46.79,27.75,CO,FALSE
Elbert,43.71,24.52,CO,FALSE
Baca,47.29,27.69,CO,FALSE
Jackson,43.69,22.36,CO,FALSE
Douglas,46.41,24.94,CO,FALSE
Custer,47.35,24.95,CO,FALSE
Washington,48.45,25.26,CO,FALSE
Kit Carson,49.23,25.29,CO,FALSE
El Paso,51.47,27.41,CO,FALSE
Cheyenne,50.74,24.83,CO,FALSE
Taos,21.16,66.01,NM,TRUE
Rio Arriba,23.22,67.86,NM,TRUE
San Miguel,23.26,65.9,NM,TRUE
Santa Fe,22.56,63.35,NM,TRUE
Mora,27.59,64.23,NM,TRUE
McKinley,30.39,60.56,NM,TRUE
Grant,28.38,54.52,NM,TRUE
Guadalupe,32.87,58.28,NM,TRUE
Cibola,32.64,53.06,NM,TRUE
Colfax,33.09,49.87,NM,TRUE
Socorro,35.91,47.77,NM,TRUE
Sandoval,36.02,46.45,NM,TRUE
Doa Ana,36.88,44.99,NM,TRUE
Luna,34.53,42.04,NM,TRUE
Valencia,37.6,44.7,NM,TRUE
Bernalillo,38.52,45.27,NM,TRUE
Hidalgo,37.62,42.98,NM,TRUE
Sierra,35.36,40.09,NM,TRUE
Eddy,40.18,40.7,NM,TRUE
Quay,41.01,40.99,NM,FALSE
Torrance,40,39.88,NM,FALSE
Los Alamos,40.59,36.62,NM,FALSE
De Baca,44.39,38.06,NM,FALSE
Harding,46.02,39.53,NM,FALSE
San Juan,44.3,37.32,NM,FALSE
Otero,46.17,33.19,NM,FALSE
Chaves,46.95,33.65,NM,FALSE
Roosevelt,49.36,33.35,NM,FALSE
Lincoln,45.57,29.54,NM,FALSE
Lea,48.56,30.94,NM,FALSE
Catron,49.65,29.94,NM,FALSE
Union,52.59,27.99,NM,FALSE
Curry,54.07,29.28,NM,FALSE
Providence,27.5,49.5,RI,TRUE
Bristol,32.9,45.8,RI,TRUE
Newport,31.2,44.4,RI,TRUE
Kent,30.6,43.6,RI,TRUE
Washington,30.6,43.5,RI,TRUE
San Francisco,17.8,72.4,CA,TRUE
Alameda,20.62,63.04,CA,TRUE
Marin,23.32,58.27,CA,TRUE
Santa Cruz,21.86,58.06,CA,TRUE
San Mateo,27.15,53.97,CA,TRUE
Yolo,28.15,53.33,CA,TRUE
Sonoma,24.09,52.78,CA,TRUE
Los Angeles,29.04,52.54,CA,TRUE
Contra Costa,29.51,50.93,CA,TRUE
Mendocino,21.78,50.21,CA,TRUE
Santa Clara,28.38,49.21,CA,TRUE
Solano,29.43,48.69,CA,TRUE
Humboldt,30.49,48.07,CA,TRUE
Monterey,31.25,47.01,CA,TRUE
Lake,28.77,45.44,CA,TRUE
Napa,29.3,45.3,CA,TRUE
Imperial,38.55,43.88,CA,TRUE
Sacramento,35.36,43.56,CA,TRUE
Santa Barbara,35.25,42.53,CA,TRUE
Fresno,40.67,42.17,CA,TRUE
San Benito,32.28,42.03,CA,TRUE
San Joaquin,37.84,41.28,CA,TRUE
Stanislaus,36.93,40.95,CA,TRUE
Merced,36.48,40.85,CA,TRUE
Siskiyou,32.21,39.91,CA,TRUE
Del Norte,32.96,38.91,CA,TRUE
Kings,41.61,38.91,CA,FALSE
San Bernardino,37.24,38.74,CA,TRUE
Riverside,37.06,38.64,CA,TRUE
San Luis Obispo,34.78,38.36,CA,TRUE
Butte,37.18,38.22,CA,TRUE
Tuolumne,35.26,38.12,CA,TRUE
Plumas,36.17,37.61,CA,TRUE
San Diego,35.69,37.24,CA,TRUE
Ventura,35.46,36.99,CA,TRUE
Mariposa,35.98,36.48,CA,TRUE
Madera,43.2,35.92,CA,FALSE
Tehama,35.36,35.79,CA,TRUE
Calaveras,35.35,35.25,CA,FALSE
Tulare,45.71,35.22,CA,FALSE
Nevada,39.24,34.92,CA,FALSE
Sierra,36.85,34.83,CA,FALSE
Amador,35.49,34.25,CA,FALSE
Yuba,43.4,34.24,CA,FALSE
Mono,36.05,34.19,CA,FALSE
Alpine,35.18,34.07,CA,FALSE
Kern,45.05,33.75,CA,FALSE
Placer,41.92,33.69,CA,FALSE
Lassen,37.02,32.7,CA,FALSE
Trinity,31.28,32.63,CA,TRUE
El Dorado,39.92,32.38,CA,FALSE
Modoc,38.98,32.19,CA,FALSE
Colusa,45.94,31.91,CA,FALSE
Inyo,43.58,31.84,CA,FALSE
Shasta,41.24,31.61,CA,FALSE
Orange,43.87,31.56,CA,FALSE
Sutter,50.1,30.48,CA,FALSE
Glenn,43.24,30.24,CA,FALSE
Fairfield,42.8,39.1,CT,FALSE
Hartford,32,47.1,CT,TRUE
Litchfield,37,36.1,CT,FALSE
Middlesex,30.4,42.8,CT,TRUE
New Haven,36.7,41.9,CT,TRUE
New London,29.4,42.3,CT,TRUE
Tolland,31.2,41.4,CT,TRUE
Windham,30.8,40.4,CT,TRUE
Barnstable,31.1,42.8,MA,TRUE
Berkshire,21.7,54.4,MA,TRUE
Bristol,24.7,48.4,MA,TRUE
Dukes,23.2,54.4,MA,TRUE
Essex,31.7,43.6,MA,TRUE
Franklin,24.3,48.1,MA,TRUE
Hampden,29,45.7,MA,TRUE
Hampshire,22.4,54.1,MA,TRUE
Middlesex,28.1,49.9,MA,TRUE
Nantucket,27.5,48.3,MA,TRUE
Norfolk,31.8,46.4,MA,TRUE
Plymouth,33.5,38.1,MA,TRUE
Suffolk,23.4,60.6,MA,TRUE
Worcester,32.3,43.7,MA,TRUE
Kent,38.7,38.2,DE,FALSE
New Castle,33.7,46.5,DE,TRUE
Sussex,38.9,36.5,DE,FALSE
Adams,42.84,37.2,IL,FALSE
Alexander,29.83,58.83,IL,TRUE
Bond,35.97,45.42,IL,TRUE
Boone,41.01,37.53,IL,FALSE
Brown,38.27,42.62,IL,TRUE
Bureau,38.18,42.17,IL,TRUE
Calhoun,26.58,54.19,IL,TRUE
Carroll,42.94,37.17,IL,FALSE
Cass,33.53,49.64,IL,TRUE
Champaign,35.61,46,IL,TRUE
Christian,28.92,51.4,IL,TRUE
Clark,39.79,41.83,IL,TRUE
Clay,37.15,44.53,IL,TRUE
Clinton,36.47,42.26,IL,TRUE
Coles,36.31,42.16,IL,TRUE
Cook,28.2,58.21,IL,TRUE
Crawford,37.29,40.99,IL,TRUE
Cumberland,35.76,40.58,IL,TRUE
DeKalb,36.97,40.15,IL,TRUE
DeWitt,40.78,38.78,IL,FALSE
Douglas,39.98,40.37,IL,TRUE
DuPage,48.05,30.88,IL,FALSE
Edgar,38.77,41.06,IL,TRUE
Edwards,45.07,36.57,IL,FALSE
Effingham,42.25,34.85,IL,FALSE
Fayette,34.67,47.77,IL,TRUE
Ford,47,33.56,IL,FALSE
Franklin,25.62,59.33,IL,TRUE
Fulton,28.6,54.94,IL,TRUE
Gallatin,25.1,60.12,IL,TRUE
Greene,34,44.99,IL,TRUE
Grundy,39.02,37.64,IL,FALSE
Hamilton,30.58,51.91,IL,TRUE
Hancock,36.89,41.84,IL,TRUE
Hardin,31.04,52.47,IL,TRUE
Henderson,32.36,49.73,IL,TRUE
Henry,36.88,45.45,IL,TRUE
Iroquois,47.82,30.56,IL,FALSE
Jackson,28.24,54.73,IL,TRUE
Jasper,36.42,41.68,IL,TRUE
Jefferson,31.24,49.24,IL,TRUE
Jersey,29.06,47.05,IL,TRUE
Jo Daviess,40.64,38.68,IL,FALSE
Johnson,39.4,42.65,IL,TRUE
Kane,43.52,34.84,IL,FALSE
Kankakee,38.46,43,IL,TRUE
Kendall,46.29,29.46,IL,FALSE
Knox,32.93,49.51,IL,TRUE
Lake,44.2,36.47,IL,FALSE
LaSalle,32.2,46.62,IL,TRUE
Lawrence,35.8,43.67,IL,TRUE
Lee,43.15,35.87,IL,FALSE
Livingston,46.81,35.13,IL,FALSE
Logan,46.26,36.41,IL,FALSE
Macon,33.62,49.39,IL,TRUE
Macoupin,27.55,50.93,IL,TRUE
Madison,28.19,51.26,IL,TRUE
Marion,30.52,51.2,IL,TRUE
Marshall,38.35,43.4,IL,TRUE
Mason,32.11,51.53,IL,TRUE
Massac,39.03,47.43,IL,TRUE
McDonough,38.05,41.76,IL,TRUE
McHenry,46.84,28.07,IL,FALSE
McLean,43.39,38.95,IL,FALSE
Menard,44.99,35.94,IL,FALSE
Mercer,34.93,46.72,IL,TRUE
Monroe,38.33,39.02,IL,TRUE
Montgomery,29.7,50.04,IL,TRUE
Morgan,40.29,38.97,IL,FALSE
Moultrie,31.94,47.27,IL,TRUE
Ogle,44.8,32.38,IL,FALSE
Peoria,37.77,46.85,IL,TRUE
Perry,28.01,54.2,IL,TRUE
Piatt,36.42,41.67,IL,TRUE
Pike,36.98,44.44,IL,TRUE
Pope,39.44,44.09,IL,TRUE
Pulaski,32.94,55.99,IL,TRUE
Putnam,29.29,47.58,IL,TRUE
Randolph,29.57,51.49,IL,TRUE
Richland,37.87,40.76,IL,TRUE
Rock Island,32.22,51.93,IL,TRUE
Saline,27.67,54.76,IL,TRUE
Sangamon,40.93,41.35,IL,TRUE
Schuyler,37.85,41.3,IL,TRUE
Scott,40.68,37.98,IL,FALSE
Shelby,32.49,45.65,IL,TRUE
St. Clair,29.71,53.58,IL,TRUE
Stark,41.3,39.87,IL,FALSE
Stephenson,41.58,36.47,IL,FALSE
Tazewell,39.12,44.05,IL,TRUE
Union,33.06,51.54,IL,TRUE
Vermilion,30.43,47.8,IL,TRUE
Wabash,39.82,39.04,IL,FALSE
Warren,39.37,43.35,IL,TRUE
Washington,39.75,39.52,IL,FALSE
Wayne,42.93,37.56,IL,FALSE
White,34.7,48.89,IL,TRUE
Whiteside,37.37,45.41,IL,TRUE
Will,38.35,39.2,IL,TRUE
Williamson,32.9,49.93,IL,TRUE
Winnebago,37.63,43.04,IL,TRUE
Woodford,49.26,33.67,IL,FALSE
Beaverhead,41.97,26.39,MT,FALSE
Big Horn,31.34,49.02,MT,TRUE
Blaine,31.88,44.48,MT,TRUE
Broadwater,45.06,26.66,MT,FALSE
Carbon,33.81,33.53,MT,FALSE
Carter,56.86,17.62,MT,FALSE
Cascade,34.16,40.24,MT,TRUE
Chouteau,42.65,29.64,MT,FALSE
Custer,37.52,35.07,MT,FALSE
Daniels,36.39,33.53,MT,FALSE
Dawson,34.62,36.8,MT,TRUE
Deer Lodge,15.79,60.24,MT,TRUE
Fallon,45.46,27.74,MT,FALSE
Fergus,42.16,24.88,MT,FALSE
Flathead,37.24,31.02,MT,FALSE
Gallatin,38.6,33.13,MT,FALSE
Garfield,49.21,15.26,MT,FALSE
Glacier,28.27,48.02,MT,TRUE
Golden Valley,38.71,28.63,MT,FALSE
Granite,42.06,27.08,MT,FALSE
Hill,29.79,44.77,MT,TRUE
Jefferson,36.47,33.49,MT,FALSE
Judith Basin,42.16,28.27,MT,FALSE
Lake,34.08,37.32,MT,TRUE
Lewis and Clark,35.72,42.47,MT,TRUE
Liberty,42.28,26.51,MT,FALSE
Lincoln,33.41,33,MT,FALSE
Madison,42.89,23.61,MT,FALSE
McCone,39,31.31,MT,FALSE
Meagher,42.12,25.95,MT,FALSE
Mineral,24.65,40.61,MT,TRUE
Missoula,29.79,46.99,MT,TRUE
Musselshell,39.32,29.08,MT,FALSE
Park,38.04,30.18,MT,FALSE
Petroleum,45.61,20.61,MT,FALSE
Phillips,39.09,24.15,MT,FALSE
Pondera,39.56,33.05,MT,FALSE
Powder River,47.32,22.32,MT,FALSE
Powell,36.01,33.66,MT,FALSE
Prairie,48.13,30.37,MT,FALSE
Ravalli,35.9,30.92,MT,FALSE
Richland,37.07,30.33,MT,FALSE
Roosevelt,28.91,43.57,MT,TRUE
Rosebud,28.84,42.6,MT,TRUE
Sanders,30.2,37.48,MT,TRUE
Sheridan,29.85,40.44,MT,TRUE
Silver Bow,19.24,54.89,MT,TRUE
Stillwater,38.19,32.36,MT,FALSE
Sweet Grass,48.86,21.93,MT,FALSE
Teton,40.06,30.63,MT,FALSE
Toole,34.71,31.43,MT,FALSE
Treasure,37.66,28.7,MT,FALSE
Valley,32.77,37.54,MT,TRUE
Wheatland,41.57,33.39,MT,FALSE
Wibaux,38.55,32.13,MT,FALSE
Mitchell,62.79,24.62,NA,FALSE
Avery,57.39,25.86,NA,FALSE
Yadkin,56.34,30.15,NA,FALSE
Gaston,56.51,31.12,NA,FALSE
Davie,54.86,29.67,NA,FALSE
Randolph,53.2,28.98,NA,FALSE
Wilkes,52.57,33.48,NA,FALSE
Henderson,51.43,32.5,NA,FALSE
Cabarrus,51.75,32.86,NA,FALSE
Catawba,51.54,33.06,NA,FALSE
Union,51.71,33.72,NA,FALSE
Davidson,50.01,33.11,NA,FALSE
Rowan,49.84,33.48,NA,FALSE
Iredell,49.8,34.03,NA,FALSE
Onslow,48.7,33.08,NA,FALSE
Stanly,50.91,35.7,NA,FALSE
Wayne,52.29,37.44,NA,FALSE
Alexander,49.64,35.59,NA,FALSE
Caldwell,49.04,35.32,NA,FALSE
Johnston,48.67,35.62,NA,FALSE
Lincoln,49.29,36.46,NA,FALSE
Nash,48.34,36.17,NA,FALSE
Alamance,48.33,36.35,NA,FALSE
Carteret,47.36,36.79,NA,FALSE
Moore,46.81,36.29,NA,FALSE
Graham,49.51,40.02,NA,FALSE
Rutherford,47.95,38.64,NA,FALSE
Stokes,47.9,38.8,NA,FALSE
New Hanover,46.67,38.91,NA,FALSE
Clay,47.73,40.4,NA,FALSE
Polk,45.77,39.02,NA,FALSE
Transylvania,45.55,38.97,NA,FALSE
Surry,46.33,40.05,NA,FALSE
Craven,45.77,39.54,NA,FALSE
Harnett,46.58,40.48,NA,FALSE
McDowell,45.81,39.93,NA,FALSE
Beaufort,45.91,40.33,NA,FALSE
Lee,45.42,39.92,NA,FALSE
Ashe,46.97,41.77,NA,FALSE
Currituck,41.31,36.53,NA,FALSE
Dare,40.73,36.7,NA,FALSE
Cherokee,45.91,42.09,NA,FALSE
Forsyth,45.4,42.15,NA,FALSE
Burke,44.48,41.71,NA,FALSE
Cleveland,44.72,42.71,NA,FALSE
Macon,42.53,41,NA,FALSE
Person,43.6,42.26,NA,FALSE
Mecklenburg,43.57,42.5,NA,FALSE
Lenoir,45.02,44.32,NA,FALSE
Wilson,44.36,44.06,NA,FALSE
Wake,41.84,42.89,NA,TRUE
Watauga,41.09,42.98,NA,TRUE
Buncombe,40.92,43.65,NA,TRUE
Yancey,43.38,46.54,NA,TRUE
Pitt,41.63,45.02,NA,TRUE
Sampson,43.12,46.84,NA,TRUE
Rockingham,40.54,44.39,NA,TRUE
Guilford,41.08,45.3,NA,TRUE
Camden,38.84,43.1,NA,TRUE
Cumberland,42.1,46.98,NA,TRUE
Pamlico,38.77,44.8,NA,TRUE
Pender,39.07,46.86,NA,TRUE
Brunswick,38.4,46.86,NA,TRUE
Alleghany,39.18,48.01,NA,TRUE
Montgomery,38.67,48.27,NA,TRUE
Perquimans,36.85,46.88,NA,TRUE
Greene,38.03,48.29,NA,TRUE
Chowan,36.86,47.4,NA,TRUE
Madison,39.07,49.82,NA,TRUE
Duplin,38.45,49.58,NA,TRUE
Swain,37.36,49.59,NA,TRUE
Jackson,36.99,49.78,NA,TRUE
Pasquotank,35.69,49.15,NA,TRUE
Granville,37.42,50.94,NA,TRUE
Jones,37.39,51.01,NA,TRUE
Martin,36.9,50.76,NA,TRUE
Franklin,35.2,49.13,NA,TRUE
Vance,37.09,51.55,NA,TRUE
Haywood,34.71,49.43,NA,TRUE
Chatham,35.36,51.25,NA,TRUE
Hyde,32.34,52.71,NA,TRUE
Washington,33.89,55.24,NA,TRUE
Tyrrell,33.03,55.44,NA,TRUE
Caswell,33.4,56.5,NA,TRUE
Scotland,31.84,55.29,NA,TRUE
Halifax,32.4,55.94,NA,TRUE
Durham,33.36,57.24,NA,TRUE
Bladen,31.58,56.01,NA,TRUE
Edgecombe,31.92,56.84,NA,TRUE
Gates,30.2,57.54,NA,TRUE
Richmond,28.01,58.91,NA,TRUE
Hertford,28.78,60.08,NA,TRUE
Columbus,28.88,60.63,NA,TRUE
Hoke,27,58.86,NA,TRUE
Orange,27.5,60.45,NA,TRUE
Anson,27.33,61.71,NA,TRUE
Robeson,25.52,63.59,NA,TRUE
Bertie,26.04,64.99,NA,TRUE
Warren,24.8,65.35,NA,TRUE
Northampton,23.16,65.21,NA,TRUE
